OD	"Sudan"	"Germany"	"Uganda"	"Iran"	"Philippines"	"South Africa"	"Paraguay"	"Colombia"	"Mauritius"	"Cambodia"	"Malawi"	"Brunei"	"Somalia"	"Sri Lanka"	"Argentina"	"Afghanistan"	"Eritrea"	"Iraq"	"United Kingdom"	"Nicaragua"	"Chile"	"Kazakhstan"	"Armenia"	"Angola"	"China"	"Comoros"	"Pakistan"	"Namibia"	"Norway"	"Peru"	"Cuba"	"Costa Rica"	"Russia"	"Zimbabwe"	"Guinea-Bissau"	"Uruguay"	"Syria"	"Mali"	"Liberia"	"Kenya"	"Senegal"	"Israel"	"Zambia"	"Sierra Leone"	"Vanuatu"	"Ethiopia"	"Greece"	"Albania"	"Tonga"	"Tanzania"	"Jordan"	"Tuvalu"	"Cameroon"	"South Korea"	"Various"	"Georgia"	"Central Afr. Rep."	"Yemen"	"Hungary"	"Guinea"	"Côte d'Ivoire"	"Honduras"	"Mauritania"	"Bangladesh"	"Burkina Faso"	"Bahrain"	"Nepal"	"Burundi"	"Ghana"	"Botswana"	"Austria"	"Nigeria"	"Indonesia"	"Romania"	"Stateless"	"Macedonia"	"Mongolia"	"Libya"	"Benin"	"Mexico"	"Kuwait"	"Palestine"	"Western Sahara"	"Congo, Dem.Rep."	"Moldova"	"Cape Verde"	"Chad"	"Poland"	"France"	"Algeria"	"Uzbekistan"	"Rwanda"	"Morocco"	"Saudi Arabia"	"India"	"North Korea"	"Mozambique"	"Togo"	"Panama"	"Bosnia & Herz."	"Djibouti"	"Bulgaria"	"Estonia"	"Thailand"	"Bolivia"	"Ukraine"	"Venezuela"	"Turkey"	"Congo"	"Spain"	"El Salvador"	"Fiji"	"Qatar"	"Trinidad & Tobago"	"Croatia"	"Samoa"	"Lebanon"	"Gambia"	"Kyrgyzstan"	"Brazil"	"Belarus"	"Czech Rep."	"Laos"	"Dominica"	"Sweden"	"Belize"	"United States"	"Equatorial Guinea"	"Turkmenistan"	"Belgium"	"Ecuador"	"Niger"	"Slovenia"	"Malaysia"	"Australia"	"Serbia"	"Tajikistan"	"Tibetans"	"Latvia"	"Madagascar"	"Myanmar"	"Dominican Rep."	"Bhutan"	"Solomon Islands"	"Tunisia"	"Egypt"	"Denmark"	"Haiti"	"Guyana"	"Swaziland"	"Viet Nam"	"Guatemala"	"Cyprus"	"Finland"	"Slovakia"	"Antigua & Barbuda"	"Martinique"	"Azerbaijan"	"New Zealand"	"Lithuania"	"Portugal"	"Netherlands"	"Emirates"	"Gabon"	"Italy"	"Montenegro"	"Saint Lucia"	"Japan"	"Maldives"	"Suriname"	"Hong Kong"	"St Vincent"	"Papua New Guinea"	"Grenada"	"Canada"	"Sao Tome"	"Luxembourg"	"Seychelles"	"Jamaica"	"Lesotho"	"Oman"	"Andorra"	"Timor-Leste"	"Switzerland"	"Singapore"	"St Kitts"	"Ireland"	"Iceland"	"Kiribati"	"Monaco"	"Malta"	"San Marino"	"Barbados"	"Gibraltar"	"Bahamas"	"Macao SAR"	"Nauru"	"Bermuda"	"Puerto Rico"	"French Guiana"	"Palau"	"Holy See"	"Cook Islands"	"French Polynesia"	"Turks"
"Sudan"	0	392	215675	0	1	172	0	1	0	1	0	0	2	0	2	0	752	138	3108	0	0	0	0	14	0	0	0	0	506	0	2	0	0	0	0	1	227	0	13	73004	0	270	0	5	0	66980	64	0	0	0	10	0	62	0	0	0	7900	78	139	0	1	0	9	0	6	0	0	0	600	27	135	181	0	19	0	0	0	10	5	2	1	0	0	6181	8	0	233025	24	799	0	0	7	12	37	12	0	3	0	0	0	2	172	0	5	0	64	0	13	0	19	0	0	0	0	1	0	66	0	0	27	0	0	0	0	241	0	28123	0	0	49	3	15	1	23	21241	0	0	0	1	0	0	0	0	0	0	12157	379	0	0	0	0	1	3	778	0	0	0	0	238	0	6	3810	18	7	1277	0	0	17	0	0	0	0	0	0	6258	0	0	0	0	0	0	0	0	165	0	0	298	0	0	0	210	0	0	0	0	0	0	0	0	0	0	0	0	0	0
"Germany"	0	0	0	0	0	0	1	0	0	0	0	0	0	0	0	0	0	0	0	0	0	0	0	0	0	0	0	0	1	0	0	0	0	0	0	0	0	0	0	0	0	0	0	0	0	0	0	0	0	0	0	0	0	0	0	0	0	0	0	0	0	0	0	0	0	0	0	0	0	0	0	0	0	0	0	0	0	0	0	0	0	0	0	0	0	0	0	0	10	0	0	0	0	0	0	0	0	0	0	0	0	0	0	0	0	0	0	0	0	0	0	0	0	0	0	0	0	0	0	0	0	0	0	0	2	0	61	0	0	4	0	0	0	0	3	0	0	0	0	0	0	0	0	0	0	0	0	0	0	0	0	0	0	0	0	0	0	0	0	0	0	3	0	0	0	0	0	0	0	0	0	0	0	0	28	0	0	0	0	0	0	0	0	1	0	0	0	0	0	0	0	0	0	0	0	0	0	0	0	0	0	0	0	0	0
"Uganda"	0	173	0	0	0	70	0	0	0	0	0	0	7	0	0	0	0	0	1870	0	0	0	0	0	0	0	1	0	32	0	0	0	1	0	0	0	0	0	2	2810	0	0	0	0	0	38	0	0	0	0	0	0	5	1	0	0	13	1	8	0	1	0	1	0	0	0	0	0	0	45	16	2	0	0	0	0	0	0	0	0	0	0	0	13904	0	0	0	0	29	0	0	18	0	0	0	0	1	0	0	0	0	0	0	0	0	1	0	1	0	1	0	0	0	0	0	0	0	0	0	0	0	0	0	0	119	0	1430	0	0	7	0	0	0	1	391	0	0	0	0	0	0	0	0	0	0	12	37	0	0	43	0	0	0	6	0	0	0	0	8	0	0	90	21	0	7	0	0	0	0	0	1	0	0	0	445	0	0	0	0	0	0	0	0	33	0	0	48	0	0	0	0	0	0	0	0	0	0	0	0	0	0	0	0	0	0
"Iran"	0	13213	0	0	18	0	1	2	0	0	0	0	0	0	28	34	0	11773	9566	0	5	0	6	0	7	0	44	0	3446	34	0	0	2	0	0	0	131	0	0	0	0	1	0	0	0	0	326	0	0	0	0	0	0	7	0	0	0	0	160	0	22	4	0	27	0	0	4	0	0	0	1679	0	1	105	0	0	0	0	1	11	0	0	0	0	5	0	0	8	1617	0	0	0	1	0	44	0	0	0	3	0	0	214	0	20	3	35	0	2135	0	85	0	0	0	0	0	0	0	0	6	26	1	31	0	0	5205	0	33714	0	0	379	7	0	8	13	2346	0	8	0	0	0	0	0	0	0	6	1	1617	0	0	0	0	0	345	1806	10	0	0	71	605	6	1	4344	15	0	553	0	0	43	0	0	5	0	0	0	4978	0	0	0	0	0	0	0	0	1132	0	0	365	4	0	0	4	0	0	0	0	0	0	0	0	0	0	0	0	0	0
"Philippines"	0	134	0	0	0	0	0	0	0	0	0	0	0	0	0	0	0	0	1	0	0	0	0	0	0	0	0	0	108	0	0	0	0	0	0	0	0	0	0	0	0	0	0	0	0	0	0	0	0	0	0	0	0	0	0	0	0	0	0	0	0	0	0	0	0	0	0	0	0	0	0	0	0	0	0	0	0	0	0	0	0	0	0	0	0	0	0	0	0	0	0	0	0	0	0	0	0	0	0	0	0	0	0	0	0	0	0	0	0	0	0	0	0	0	0	0	0	0	0	0	0	0	0	0	31	0	401	0	0	0	0	0	0	3	9	0	0	0	0	0	0	0	0	0	0	0	1	0	0	0	0	0	0	0	0	0	0	0	0	0	0	18	0	0	0	0	0	0	0	0	0	0	0	0	177	0	0	0	0	0	0	0	0	0	0	0	3	0	0	0	0	0	0	0	0	0	0	0	0	0	0	0	0	0	0
"South Africa"	0	270	0	0	0	0	0	0	0	0	0	0	0	0	2	0	0	0	17	0	0	0	0	0	0	0	0	0	0	0	0	0	0	0	0	0	1	0	0	0	0	0	0	0	0	0	0	0	0	0	0	0	0	0	0	0	0	0	0	0	0	0	0	0	0	0	0	0	0	0	2	0	0	1	0	0	0	0	0	0	0	0	0	0	0	0	0	0	18	0	0	0	0	0	0	0	0	0	0	0	0	0	0	0	0	0	0	0	0	0	0	0	0	0	0	0	0	0	0	3	0	3	0	0	1	0	115	0	0	2	0	0	0	0	9	0	0	0	0	0	0	0	0	0	0	0	1	0	0	0	0	0	0	0	0	0	0	0	0	0	0	1	0	0	1	0	0	0	0	0	0	0	0	0	16	0	0	0	0	0	0	0	0	5	0	0	42	0	0	0	0	0	0	0	0	0	0	0	0	0	0	0	0	0	0
"Paraguay"	0	52	0	0	0	0	0	0	0	0	0	0	0	0	1	0	0	0	0	0	0	0	0	0	0	0	0	0	0	0	0	0	0	0	0	0	0	0	0	0	0	0	0	0	0	0	0	0	0	0	0	0	0	0	0	0	0	0	0	0	0	0	0	0	0	0	0	0	0	0	0	0	0	0	0	0	0	0	0	0	0	0	0	0	0	0	0	0	0	0	0	0	0	0	0	0	0	0	0	0	0	0	0	0	0	0	0	0	0	0	0	0	0	0	0	0	0	0	0	7	0	0	0	0	0	0	19	0	0	0	0	0	0	0	0	0	0	0	0	0	0	0	0	0	0	0	0	0	0	0	0	0	0	0	0	0	0	0	0	0	0	0	0	0	0	0	0	0	0	0	0	0	0	0	25	0	0	0	0	0	0	0	0	1	0	0	0	0	0	0	0	0	0	0	0	0	0	0	0	0	0	0	0	0	0
"Colombia"	0	431	0	0	0	0	4	0	0	0	0	0	0	0	100	0	0	0	1399	12	725	0	0	0	0	0	0	0	220	152	10	9699	0	0	0	41	0	0	0	0	0	0	0	0	0	0	0	0	0	0	0	0	0	0	0	0	0	0	1	0	0	2	0	0	0	0	0	0	0	0	41	0	0	0	0	0	0	0	0	99	0	0	0	0	0	0	0	0	337	0	0	0	0	0	0	0	0	0	1248	0	0	0	0	0	45	0	660	0	0	976	3	0	0	0	0	0	0	0	0	415	0	0	0	0	1379	0	24770	0	0	54	11526	0	0	0	94	0	0	0	0	0	0	0	0	0	0	0	15	0	0	0	0	2	0	13	0	0	0	0	26	0	0	317	0	0	322	0	0	0	0	0	0	0	0	0	17378	0	0	0	0	0	0	0	0	255	0	0	1	24	0	0	0	0	0	0	0	0	0	0	0	0	0	0	0	0	0
"Mauritius"	0	50	0	0	0	0	0	0	0	0	0	0	0	0	0	0	0	0	9	0	0	0	0	0	0	0	0	0	0	0	0	0	0	0	0	0	0	0	0	0	0	0	0	0	0	0	0	0	0	0	0	0	0	0	0	0	0	0	0	0	0	0	0	0	0	0	0	0	0	0	0	0	0	0	0	0	0	0	0	0	0	0	0	0	0	0	0	0	5	0	0	0	0	0	0	0	0	0	0	0	0	0	0	0	0	0	0	0	0	0	0	0	0	0	0	0	0	0	0	0	0	0	0	0	1	0	6	0	0	0	0	0	0	0	0	0	0	0	0	0	0	0	0	0	0	0	0	0	0	0	0	0	0	0	0	0	0	0	0	0	0	2	0	0	0	0	0	0	0	0	0	0	0	0	6	0	0	0	0	0	0	0	0	0	0	0	1	0	0	0	0	0	0	0	0	0	0	0	0	0	0	0	0	0	0
"Cambodia"	0	83	0	0	0	0	0	0	0	0	0	0	0	0	49	0	0	0	0	0	0	0	0	0	0	0	0	0	77	0	0	0	0	0	0	0	0	0	0	0	0	0	0	0	0	0	0	0	0	0	0	0	6	0	0	0	0	0	0	0	38	0	0	0	0	0	0	0	0	0	16	0	0	0	0	0	0	0	0	0	0	0	0	0	0	0	0	1	13514	0	0	0	0	0	0	0	0	0	0	0	0	0	0	84	0	0	0	0	0	0	0	0	0	0	0	0	0	0	0	0	0	0	0	0	9	0	828	0	0	25	0	0	0	5	15	0	0	0	0	0	0	0	0	0	0	0	28	0	0	0	2357	0	0	33	0	0	0	0	12	0	0	46	0	0	6	0	0	103	0	0	0	0	0	0	105	0	0	0	0	0	0	0	0	525	0	0	0	0	0	0	0	0	0	0	0	0	0	0	0	0	0	0	0	0	0
"Malawi"	0	5	1	0	0	7	0	0	0	0	0	0	0	0	0	0	0	0	15	0	0	0	0	0	0	0	0	0	8	0	0	0	0	0	0	0	0	0	0	0	0	0	0	0	0	0	0	0	0	0	0	0	0	0	0	0	0	0	0	0	0	0	0	0	0	0	0	0	0	0	0	0	0	0	0	0	0	0	0	0	0	0	0	0	0	0	0	0	0	0	0	0	0	0	0	0	0	0	0	0	0	0	0	0	0	0	0	0	0	0	0	0	0	0	0	0	0	0	0	0	0	0	0	0	0	0	26	0	0	0	0	0	0	0	37	0	0	0	0	0	0	0	0	0	0	0	0	0	0	0	0	0	0	0	0	0	0	0	0	0	0	1	0	0	0	0	0	0	0	0	0	0	0	0	9	0	0	0	0	0	0	0	0	0	0	0	4	0	0	0	0	0	0	0	0	0	0	0	0	0	0	0	0	0	0
"Brunei"	0	0	0	0	0	0	0	0	0	0	0	0	0	0	0	0	0	0	0	0	0	0	0	0	0	0	0	0	1	0	0	0	0	0	0	0	0	0	0	0	0	0	0	0	0	0	0	0	0	0	0	0	0	0	0	0	0	0	0	0	0	0	0	0	0	0	0	0	0	0	0	0	1	0	0	0	0	0	0	0	0	0	0	0	0	0	0	0	0	0	0	0	0	0	0	0	0	0	0	0	0	0	0	0	0	0	0	0	0	0	0	0	0	0	0	0	0	0	0	0	0	0	0	0	0	0	0	0	0	0	0	0	0	0	0	0	0	0	0	0	0	0	0	0	0	0	0	0	0	0	0	0	0	0	0	0	0	0	0	0	0	0	0	0	0	0	0	0	0	0	0	0	0	0	0	0	0	0	0	0	0	0	0	0	0	0	0	0	0	0	0	0	0	0	0	0	0	0	0	0	0	0	0	0	0
"Somalia"	215	2165	3752	0	5	7818	0	0	0	9	42	0	0	0	0	0	3792	0	34138	4	1	1	0	10	9	0	244	1	6632	2	0	0	0	0	0	3	1322	0	1	173702	3	0	1694	0	0	16576	17	0	0	2086	15	0	0	2	0	0	0	91587	181	0	0	0	0	13	0	0	52	1	1	547	266	24	22	111	0	0	0	488	1	10	0	0	0	0	1	0	0	135	612	4	0	11	1	13	130	0	12	3	0	0	8642	119	0	17	0	21	0	139	0	147	0	0	0	0	0	0	7	8	0	28	0	8	0	0	4066	0	72546	0	0	111	6	12	1	47	797	0	0	0	7	0	0	0	0	0	0	4317	5100	0	0	69	0	0	2	1042	2	0	0	0	331	22	0	8086	23	1	948	0	0	0	0	0	30	0	0	0	4507	0	0	0	0	0	0	0	0	3541	0	0	408	0	0	0	607	0	0	0	0	0	0	0	0	0	0	0	0	0	0
"Sri Lanka"	0	5832	0	0	9	0	0	0	0	2	0	0	1	0	37	0	0	0	8223	0	6	0	0	0	0	0	0	0	549	0	0	0	2	0	0	0	0	0	0	0	0	0	0	0	0	0	36	0	0	0	0	0	0	0	0	0	0	0	5	0	1	0	0	0	0	0	2	0	2	0	6	13	2	1	0	0	0	0	0	5	0	0	0	0	0	0	0	26	15669	0	0	0	0	0	69609	0	0	0	0	0	0	2	0	61	0	4	0	1	0	5	2	0	0	0	0	0	0	0	0	3	0	13	0	0	85	0	1827	0	0	8	3	0	0	42	600	0	0	0	0	0	0	0	0	0	0	2	362	0	0	18	0	0	5	60	0	0	0	0	110	1	1	896	0	0	533	0	0	0	0	0	16	0	0	0	9877	0	0	0	0	0	0	0	0	2352	0	0	25	0	0	0	14	0	0	0	0	0	0	0	0	0	0	0	0	0	0
"Argentina"	0	28	0	0	0	0	0	0	0	0	0	0	0	0	0	0	0	0	0	0	0	0	0	0	0	0	0	0	0	0	0	0	0	0	0	0	0	0	0	0	0	0	0	0	0	0	0	0	0	0	0	0	0	0	0	0	0	0	0	0	0	0	0	0	0	0	0	0	0	0	0	0	0	0	0	0	0	0	0	0	0	0	0	0	0	0	0	0	0	0	0	0	0	0	0	0	0	0	1	0	0	0	0	0	0	0	0	0	0	434	0	0	0	0	0	0	0	0	0	11	0	0	0	0	4	0	139	0	0	0	0	0	0	0	0	0	0	0	0	0	0	0	0	0	0	0	0	0	0	0	0	0	0	0	0	0	0	0	0	0	2	1	0	0	0	0	0	0	0	0	0	0	0	0	271	0	0	0	0	0	0	0	0	2	0	0	1	0	0	0	0	0	0	0	0	0	0	0	0	0	0	0	0	0	0
"Afghanistan"	0	21879	0	914260	0	18	0	0	0	2	0	0	0	4	0	0	0	0	23069	0	17	588	0	0	7	0	1043984	0	4084	0	1	0	1202	0	0	0	299	0	0	0	0	0	0	0	0	1	171	0	0	0	0	0	0	2	0	4	0	0	2357	0	14	0	0	1	0	0	0	0	0	0	3664	0	65	272	0	1	0	0	0	0	0	0	0	0	12	0	0	79	1238	0	1415	0	0	0	9472	0	1	0	0	0	0	1967	2	2	0	1189	0	75	0	74	0	0	40	0	0	0	6	0	256	3	491	237	0	0	4278	0	13242	0	710	226	32	0	1	55	7908	0	917	0	1	0	0	0	0	0	0	31	6306	0	0	0	0	0	3	1883	93	0	0	104	961	96	5	21357	4	0	473	0	0	55	0	0	0	0	0	0	14419	0	0	0	0	0	0	0	0	1726	0	0	99	1	0	0	8	0	0	0	0	0	0	0	0	0	0	0	0	0	0
"Eritrea"	157220	2276	6	0	0	24	0	0	0	0	4	0	15	0	0	0	0	0	4901	0	0	0	0	4	3	0	0	0	680	0	1	0	0	0	0	0	21	0	0	663	0	8	0	0	0	13078	4	0	0	0	0	0	0	1	0	0	0	206	3	0	5	0	0	0	0	1	0	0	1	8	24	10	0	3	0	0	0	19	0	2	0	0	0	0	2	0	0	1	104	1	0	1	1	416	1	0	0	0	0	0	64	7	0	0	0	0	0	12	0	5	0	0	0	0	0	0	0	0	0	6	0	0	0	0	1051	0	3201	0	0	5	0	0	0	2	653	0	0	0	0	0	0	0	0	0	0	274	55	0	0	0	0	0	0	49	0	0	0	0	98	0	4	690	7	0	5021	0	0	0	0	0	1	0	0	0	1619	0	0	0	0	0	0	0	0	628	0	0	55	1	0	0	519	0	0	0	0	0	0	0	0	0	0	0	0	0	0
"Iraq"	0	36205	0	54024	25	0	1	2	0	0	0	0	1	16	25	1	0	0	21984	0	10	4	459	1	5	0	86	0	8668	13	2	0	14	0	0	0	700000	0	3	0	0	1	0	0	0	0	824	4	0	0	500000	0	0	3	0	0	0	1517	1235	0	0	0	4	0	0	0	7	0	0	0	1179	0	172	454	0	0	0	34	1	9	49	0	0	0	8	0	0	56	1318	4	0	0	10	250	12	0	0	0	0	0	0	1199	1	16	15	43	0	141	0	245	0	0	6	0	0	0	20000	0	4	110	1	88	0	0	23852	0	19755	0	0	253	18	6	4	51	11147	62	4	0	1	0	0	0	0	0	12	43	9902	0	0	0	0	0	75	1679	14	0	0	3	816	9	4	21782	3	0	1371	0	0	8	0	0	0	0	0	0	3990	0	0	0	0	0	0	0	0	5030	0	0	338	4	0	0	100	0	0	0	0	0	0	0	0	0	0	0	0	0	0
"United Kingdom"	0	18	0	0	0	0	0	0	0	0	0	0	0	0	0	0	0	0	0	0	0	0	0	0	0	0	0	0	0	0	0	0	0	0	0	0	0	0	0	0	0	0	0	0	0	0	0	0	0	0	0	0	0	0	0	0	0	0	0	0	0	0	0	0	0	0	0	0	0	0	0	0	0	0	0	0	0	0	0	0	0	0	0	0	0	0	0	0	0	0	0	0	0	0	0	0	0	0	0	0	0	0	0	0	0	0	0	0	0	0	0	0	0	0	0	0	0	0	0	0	0	0	0	0	1	0	101	0	0	0	0	0	0	0	11	0	0	0	0	0	0	0	0	0	0	0	0	0	0	0	0	0	0	0	0	0	0	0	0	0	0	1	0	0	0	0	0	0	0	0	0	0	0	0	32	0	0	0	0	0	0	0	0	2	0	0	8	0	0	0	0	0	0	0	0	0	0	0	0	0	0	0	0	0	0
"Nicaragua"	0	26	0	0	0	0	0	20	0	0	0	0	0	0	6	0	0	0	0	0	0	0	0	0	0	0	0	0	0	0	0	619	0	0	0	0	0	0	0	0	0	0	0	0	0	0	0	0	0	0	0	0	0	0	0	0	0	0	0	0	0	0	0	0	0	0	0	0	0	0	0	0	0	0	0	0	0	0	0	19	0	0	0	0	0	0	0	0	0	0	0	0	0	0	0	0	0	0	170	0	0	0	0	0	0	0	4	0	0	0	34	0	0	0	0	0	0	0	0	1	0	0	0	0	9	44	510	0	0	0	0	0	0	0	0	0	0	0	0	0	0	0	0	0	0	0	0	0	0	0	0	295	0	0	0	0	0	0	0	0	0	0	0	0	0	0	0	0	0	0	0	0	0	0	71	0	0	0	0	0	0	0	0	0	0	0	0	0	0	0	0	0	0	0	0	0	0	0	0	0	0	0	0	0	0
"Chile"	0	331	0	0	0	0	0	0	0	0	0	0	0	0	13	0	0	0	0	0	0	0	0	0	0	0	0	0	2	0	9	0	0	0	0	1	0	0	0	0	0	0	0	0	0	0	0	0	0	0	0	0	0	0	0	0	0	0	0	0	0	0	0	0	0	0	0	0	0	0	2	0	0	0	0	0	0	0	0	2	0	0	0	0	0	0	0	0	79	0	0	0	0	0	0	0	0	0	0	0	0	0	0	0	0	0	0	0	0	2	0	0	0	0	0	0	0	0	0	21	0	0	0	0	65	0	79	0	0	76	0	0	0	0	1	0	0	0	0	0	0	0	0	0	0	0	3	0	0	0	0	0	0	0	0	0	0	0	6	0	0	3	0	0	0	0	0	0	0	0	0	0	0	0	91	0	0	0	0	0	0	0	0	19	0	0	0	0	0	0	0	0	0	0	0	0	0	0	0	0	0	0	0	0	0
"Kazakhstan"	0	3800	0	0	0	0	0	0	0	0	0	0	0	0	96	0	0	0	2	0	0	0	1	0	0	0	0	0	76	0	0	0	0	0	0	0	0	0	0	0	0	0	0	0	0	0	0	0	0	0	0	0	0	0	0	0	0	0	0	0	0	0	0	0	0	0	0	0	0	0	18	0	0	0	0	0	0	0	0	0	0	0	0	0	0	0	0	2	290	0	0	0	0	0	0	0	0	0	0	0	0	0	0	0	0	8	0	0	0	3	0	0	0	0	0	0	0	0	0	0	0	73	0	0	298	0	2241	0	0	37	0	0	0	0	4	0	0	0	0	0	0	0	0	0	0	0	8	0	0	0	0	0	0	19	0	0	0	0	0	0	4	154	0	0	5	0	0	0	0	0	0	0	0	0	148	0	0	0	0	0	0	0	0	21	0	0	69	0	0	0	0	0	0	0	0	0	0	0	0	0	0	0	0	0	0
"Armenia"	0	1874	0	0	0	0	0	0	0	0	0	0	0	0	84	0	0	0	14	0	0	0	0	0	0	0	0	0	73	1	0	0	0	0	0	0	0	0	0	0	0	1	0	0	0	0	3	0	0	0	0	0	0	0	0	0	0	0	145	0	0	0	0	0	0	0	0	0	0	0	309	0	0	1	0	0	0	0	0	1	0	0	0	0	23	0	0	13	1464	0	0	0	0	0	0	0	0	0	0	0	0	17	0	0	0	208	0	0	0	228	0	0	0	0	0	0	0	0	0	3	1	81	0	0	445	0	8039	0	4	40	5	0	0	0	6	0	0	0	0	0	0	0	0	0	0	0	149	0	0	0	0	0	8	13	0	0	0	0	0	0	2	1354	0	0	45	0	0	0	0	0	0	0	0	0	110	0	0	0	0	0	0	0	0	105	0	0	32	2	0	0	0	0	0	0	0	0	0	0	0	0	0	0	0	0	0
"Angola"	0	2006	0	0	0	5759	0	4	0	1	0	0	0	0	15	0	0	0	3452	0	6	0	0	0	0	0	0	4738	137	0	0	0	0	0	0	0	0	0	0	0	1	0	42675	0	0	0	1	0	0	0	0	0	13	0	0	0	5	2	22	1	5	0	0	0	0	0	0	0	0	858	112	8	0	2	0	0	0	0	5	3	0	0	0	132295	1	0	0	2	2594	0	0	0	2	0	0	0	0	0	0	0	0	5	0	0	0	30	0	0	2666	76	0	0	0	0	0	0	0	0	0	1674	0	21	0	0	69	0	372	0	0	126	1	0	0	0	2	0	0	0	0	0	0	0	0	0	0	1	30	0	0	95	0	0	0	160	2	0	0	0	2	0	15	2969	0	60	123	0	0	0	0	0	0	0	0	0	836	0	0	0	0	0	0	0	0	2160	0	0	281	0	0	0	0	0	0	0	0	0	0	0	0	0	0	0	0	0	0
"China"	0	3577	0	0	1	0	0	1	0	5	0	0	0	0	0	0	0	0	2162	0	0	26	0	0	0	0	1	0	252	2	0	0	0	0	0	0	0	0	0	0	0	0	0	0	0	0	7	5	0	0	0	0	0	8	0	0	0	3	19	0	0	0	0	0	0	0	2	0	0	0	62	0	2	2	0	0	5	0	0	4	0	0	0	0	0	0	0	6	493	0	0	0	3	9	77200	0	0	0	0	0	0	0	0	74	0	0	5	8	0	16	0	0	0	0	0	0	0	0	2	0	0	8	0	0	236	0	41007	0	0	149	2	0	0	16	793	0	0	0	0	0	0	0	0	0	0	0	133	0	0	0	0	1	1	49	2	0	0	0	69	0	0	1991	0	0	6	0	0	43	0	0	0	0	0	0	11072	0	0	0	0	0	0	0	0	983	0	0	75	0	0	0	0	0	0	0	0	0	0	0	0	0	0	0	0	0	0
"Comoros"	0	3	0	0	0	0	0	0	0	0	0	0	0	0	0	0	0	0	0	0	0	0	0	0	0	0	0	0	0	0	0	0	0	0	0	0	0	0	0	0	0	0	0	0	0	0	0	0	0	0	0	0	0	0	0	0	0	0	3	0	0	0	0	0	0	0	0	0	0	0	0	0	0	0	0	0	0	0	0	0	0	0	0	0	0	0	0	0	38	0	0	0	0	0	0	0	0	0	0	0	0	0	0	0	0	0	0	0	0	0	0	0	0	0	0	0	0	0	0	0	0	0	0	0	0	0	7	0	0	0	0	0	0	0	0	0	0	0	0	0	0	0	0	0	0	0	0	0	0	0	0	0	0	0	0	0	0	0	0	0	18	0	0	0	0	0	0	0	0	0	0	0	0	0	3	0	0	0	0	0	0	0	0	0	0	0	0	0	0	0	0	0	0	0	0	0	0	0	0	0	0	0	0	0	0
"Pakistan"	0	3580	0	0	0	29	0	0	0	1	0	0	0	141	37	0	0	0	4301	0	0	0	0	0	79	0	0	0	277	0	0	0	3	0	0	0	8	0	0	0	0	0	0	0	0	0	11	0	0	0	0	0	0	1	0	0	0	0	63	0	0	0	0	0	0	0	136	0	0	0	34	0	0	2	0	0	0	0	0	1	0	0	0	0	0	0	0	18	272	0	0	0	7	0	0	0	0	0	0	0	0	1	0	3	0	3	0	0	0	47	0	0	0	0	0	0	0	0	0	7	0	12	0	0	201	0	4211	0	0	72	15	0	0	6	316	0	0	0	3	0	0	0	0	0	0	0	54	0	0	0	0	0	9	19	2	0	0	1	17	0	0	227	0	0	189	0	0	13	0	0	18	0	0	0	10888	0	0	0	0	0	0	0	0	160	0	0	142	0	0	0	2	0	0	0	0	0	0	0	0	0	0	0	0	0	0
"Namibia"	0	21	0	0	0	0	0	0	0	0	0	0	0	0	0	0	0	0	0	0	0	0	0	0	0	0	0	0	2	0	0	0	0	0	0	0	0	0	0	1	0	0	0	0	0	0	0	0	0	0	0	0	0	0	0	0	0	0	0	0	0	0	0	0	0	0	0	0	0	1139	0	0	0	0	0	0	0	0	0	0	0	0	0	0	0	0	0	0	0	0	0	0	0	0	0	0	0	0	0	0	0	0	0	0	0	0	0	0	0	0	0	0	0	0	0	0	0	0	0	0	0	0	0	0	5	0	5	0	0	2	0	0	0	0	7	0	0	0	0	0	0	0	0	0	0	0	7	0	0	0	0	0	0	1	0	0	0	0	0	0	0	0	0	0	0	0	0	0	0	0	0	0	0	0	12	0	0	0	0	0	0	0	0	0	0	0	0	0	0	0	0	0	0	0	0	0	0	0	0	0	0	0	0	0	0
"Norway"	0	1	0	0	0	0	0	0	0	0	0	0	0	0	0	0	0	0	0	0	0	0	0	0	0	0	0	0	0	0	0	0	0	0	0	0	0	0	0	0	0	0	0	0	0	0	0	0	0	0	0	0	0	0	0	0	0	0	0	0	0	0	0	0	0	0	0	0	0	0	0	0	0	0	0	0	0	0	0	0	0	0	0	0	0	0	0	0	0	0	0	0	0	0	0	0	0	0	0	0	0	0	0	0	0	0	0	0	0	0	0	0	0	0	0	0	0	0	0	0	0	0	0	0	0	0	1	0	0	0	0	0	0	0	0	0	0	0	0	0	0	0	0	0	0	0	1	0	0	0	0	0	0	0	0	0	0	0	0	0	0	0	0	0	0	0	0	0	0	0	0	0	0	0	1	0	0	0	0	0	0	0	0	0	0	0	0	0	0	0	0	0	0	0	0	0	0	0	0	0	0	0	0	0	0
"Peru"	0	466	0	0	0	0	0	14	0	0	0	0	0	0	470	0	0	0	2	2	224	0	0	0	0	0	0	0	5	0	0	230	0	0	0	9	0	0	0	0	0	0	0	0	0	0	0	0	0	0	0	0	0	0	0	0	0	0	0	0	0	0	0	0	0	0	0	0	0	0	2	0	0	0	0	0	0	0	0	19	0	0	0	0	0	0	0	0	266	0	0	0	0	0	0	0	0	0	21	0	0	0	0	0	447	0	7	0	0	35	0	0	0	0	0	0	0	0	0	38	0	0	0	0	454	0	2594	0	0	2	38	0	0	0	6	0	0	0	0	0	0	0	0	0	0	0	6	0	0	0	0	0	0	4	0	0	0	0	0	0	0	9	0	0	5	0	0	0	0	0	0	0	0	0	1589	0	0	0	0	0	0	0	0	22	0	0	0	0	0	0	0	0	0	0	0	0	0	0	0	0	0	0	0	0	0
"Cuba"	0	619	0	0	0	0	36	40	0	0	0	0	0	0	265	0	0	0	4	12	48	0	0	2	0	0	0	0	0	535	0	575	2	0	0	6	0	0	0	0	0	0	0	0	0	0	0	0	0	0	0	0	0	0	0	0	0	0	20	0	0	7	0	0	0	0	0	0	0	0	6	0	0	0	0	0	0	0	0	30	0	0	0	0	0	0	0	3	112	0	0	0	0	0	0	0	0	0	87	0	0	5	0	0	37	0	5	0	0	304	0	0	0	0	0	0	0	0	0	105	0	27	0	0	111	0	29400	0	0	1	57	0	0	0	8	0	0	0	0	0	0	0	0	0	0	0	5	0	0	0	0	9	0	8	3	0	0	0	4	0	16	9	0	0	24	0	0	0	0	0	0	0	0	0	969	0	0	0	0	0	0	0	0	56	0	0	8	0	0	0	0	0	0	0	0	0	0	0	0	0	0	0	0	0	0
"Costa Rica"	0	31	0	0	0	0	0	0	0	0	0	0	0	0	0	0	0	0	0	0	5	0	0	0	0	0	0	0	0	0	0	0	0	0	0	0	0	0	0	0	0	0	0	0	0	0	0	0	0	0	0	0	0	0	0	0	0	0	0	0	0	0	0	0	0	0	0	0	0	0	0	0	0	0	0	0	0	0	0	0	0	0	0	0	0	0	0	0	0	0	0	0	0	0	0	0	0	0	0	0	0	0	0	0	0	0	0	0	0	0	0	0	0	0	0	0	0	0	0	0	0	0	0	0	36	0	14	0	0	0	0	0	0	0	0	0	0	0	0	0	0	0	0	0	0	0	0	0	0	0	0	0	0	0	0	0	0	0	0	0	0	0	0	0	0	0	0	0	0	0	0	0	0	0	198	0	0	0	0	0	0	0	0	0	0	0	0	0	0	0	0	0	0	0	0	0	0	0	0	0	0	0	0	0	0
"Russia"	0	25347	0	0	0	0	8	0	0	0	0	0	0	0	39	0	0	0	1970	0	6	3713	1	0	0	0	8	0	3034	18	0	19	0	0	0	11	0	0	0	0	0	0	0	0	0	0	18	0	0	0	92	0	0	1	0	1362	0	0	134	0	0	0	0	0	0	0	0	0	0	0	8723	0	0	3	0	0	0	0	0	5	0	0	0	0	30	0	0	6024	5945	0	0	0	0	0	0	0	0	0	2	0	0	8	0	0	13	128	0	0	0	492	0	0	0	0	0	0	0	0	0	8	0	390	0	0	1493	0	86914	0	8	5425	14	0	7	7	89	0	0	0	3	0	0	0	0	0	2	4	485	0	0	4	0	4	43	277	14	0	0	2425	3	378	4	1362	0	0	262	0	0	0	0	0	2	0	3	0	1916	0	0	0	0	0	0	0	0	389	0	0	292	1	0	0	0	0	0	0	0	0	0	0	0	0	0	0	0	0	0
"Zimbabwe"	0	37	0	0	0	211	0	0	0	0	0	0	0	0	2	0	0	0	8062	0	0	0	0	0	2	0	0	1	10	0	0	0	0	0	0	0	0	0	0	0	0	0	0	0	0	0	1	0	0	0	0	0	0	0	0	0	0	0	6	1	0	0	0	0	0	0	0	0	0	87	3	0	0	0	0	0	0	0	0	0	0	0	0	0	1	0	0	3	13	0	0	0	0	0	0	0	0	0	0	0	0	2	0	0	0	0	0	0	0	0	0	0	0	0	0	0	0	0	0	1	0	0	0	0	23	0	1025	0	0	0	0	0	1	0	113	0	0	0	0	0	0	0	0	0	0	0	1	0	0	0	0	0	0	1	0	0	0	0	124	0	4	13	0	0	0	0	0	0	0	0	0	0	0	0	2674	0	0	0	0	0	0	0	0	3	0	0	356	0	0	0	0	0	0	0	0	0	0	0	0	0	0	0	0	0	0
"Guinea-Bissau"	0	17	0	0	0	0	0	0	0	0	0	0	0	0	0	0	0	0	3	0	0	0	0	1	0	0	0	0	0	0	0	0	0	0	0	0	0	0	0	0	0	0	0	0	0	0	1	0	0	0	0	0	0	0	0	0	0	0	0	0	0	0	0	0	0	0	0	0	0	0	0	5	0	0	0	0	0	0	2	0	0	0	0	0	0	0	0	1	837	0	0	0	0	0	0	0	0	0	0	0	0	0	0	0	0	1	0	0	0	3	0	0	0	0	0	0	0	1	0	11	0	0	0	0	3	0	30	0	0	8	0	0	0	0	0	0	0	0	0	0	0	0	0	0	0	0	0	0	0	0	0	0	0	1	0	0	0	0	0	0	15	26	0	0	4	0	0	0	0	0	1	0	0	0	18	0	0	0	0	0	0	0	0	13	0	0	1	0	0	0	0	0	0	0	0	0	0	0	0	0	0	0	0	0	0
"Uruguay"	0	29	0	0	0	0	0	0	0	0	0	0	0	0	1	0	0	0	0	0	0	0	0	0	0	0	0	0	0	0	0	0	0	0	0	0	0	0	0	0	0	0	0	0	0	0	0	0	0	0	0	0	0	0	0	0	0	0	0	0	0	0	0	0	0	0	0	0	0	0	0	0	0	0	0	0	0	0	0	0	0	0	0	0	0	0	0	0	0	0	0	0	0	0	0	0	0	0	0	0	0	0	0	0	0	0	0	0	0	0	0	0	0	0	0	0	0	0	0	1	0	0	0	0	2	0	17	0	0	4	0	0	0	0	0	0	0	0	0	0	0	0	0	0	0	0	1	0	0	0	0	0	0	0	0	0	0	0	0	0	0	0	0	0	0	0	0	0	0	0	0	0	0	0	109	0	0	0	0	0	0	0	0	0	0	0	0	0	0	0	0	0	0	0	0	0	0	0	0	0	0	0	0	0	0
"Syria"	0	5845	0	0	0	0	0	0	0	0	0	0	0	0	0	0	0	663	286	0	0	0	0	0	0	0	8	0	146	0	0	0	0	0	0	0	0	0	0	0	0	2	0	0	0	0	50	0	0	0	42	0	0	0	0	0	0	25	46	0	3	0	0	0	0	0	0	0	0	0	167	0	1	28	0	0	0	0	1	0	0	0	0	0	17	0	0	7	216	3	0	0	2	5	0	0	0	0	0	1	0	79	0	1	0	37	0	2	0	21	0	0	0	0	0	0	6	0	0	5	0	14	0	0	1065	0	423	0	0	100	1	0	0	0	123	0	0	0	0	0	0	0	0	0	5	4	213	0	0	0	0	0	50	42	0	0	0	1	38	0	0	1559	71	0	62	0	0	0	0	0	0	0	0	0	415	0	0	0	0	0	7	0	0	388	0	0	29	1	0	0	11	0	0	0	0	0	0	0	0	0	0	0	0	0	0
"Mali"	0	43	0	0	0	0	0	0	0	0	0	0	0	0	19	0	0	0	4	0	0	0	0	0	0	0	0	0	0	0	0	0	0	0	0	0	0	0	0	0	0	0	0	0	0	0	0	0	0	0	0	0	0	0	0	0	9	0	0	0	1	0	0	0	3	0	0	0	0	0	1	0	0	0	0	0	0	0	0	0	0	0	0	0	0	0	0	0	163	0	0	0	0	0	0	0	0	0	0	0	0	1	0	0	0	2	0	0	0	0	0	0	0	0	0	0	0	0	0	1	0	0	0	0	2	0	228	0	0	0	0	0	0	0	1	0	0	0	0	0	0	0	0	0	0	0	0	0	0	0	0	0	0	0	0	0	0	0	0	0	0	7	0	0	9	0	0	0	0	0	0	0	0	0	87	0	0	0	0	0	0	0	0	12	0	0	0	0	0	0	1	0	0	0	0	0	0	0	0	0	0	0	0	0	0
"Liberia"	0	227	1	0	2	217	0	3	0	0	0	0	0	0	74	0	0	0	394	1	3	0	0	63	0	0	0	0	864	0	1	0	0	0	88	1	1	411	0	0	268	77	0	27311	0	0	6	0	0	0	0	0	85	0	0	0	36	0	28	21816	25615	0	163	0	0	0	0	0	35653	2	20	5778	0	4	0	0	0	153	1	0	0	0	0	0	0	0	0	11	203	28	0	0	27	20	1	0	1	8	3	0	0	12	0	9	0	2	4	0	0	39	0	0	0	0	0	0	4	771	0	256	1	4	0	0	196	0	33992	0	0	15	3	2	1	15	2307	0	0	0	0	0	0	0	0	0	0	7	28	0	0	36	0	0	0	18	0	0	0	0	4	0	4	733	0	2	899	0	0	0	0	0	3	0	0	0	1436	0	0	0	0	0	0	0	0	30	0	0	40	0	0	0	6	0	0	0	0	0	0	0	0	0	0	0	0	0	0
"Kenya"	0	344	49	0	0	22	0	0	0	0	1	0	0	0	0	0	0	0	1563	0	0	0	0	0	0	0	0	0	9	0	0	0	0	0	0	0	4	0	0	0	0	0	0	0	0	0	3	0	0	0	0	0	0	0	0	0	1	0	3	0	0	0	0	0	0	0	0	0	0	8	2	0	0	0	0	0	0	0	0	1	0	0	0	0	0	0	0	1	12	0	0	0	0	0	0	0	0	0	0	0	0	0	0	0	0	0	0	0	0	4	0	0	0	0	0	0	0	0	0	0	0	0	0	0	37	0	1667	0	0	0	0	0	0	0	893	0	0	0	0	0	0	0	0	0	0	0	16	0	0	1	0	0	0	0	0	0	0	0	0	0	0	28	0	0	3	0	0	0	0	0	0	0	0	0	567	0	0	0	0	0	0	0	0	18	0	0	100	0	0	0	0	0	0	0	0	0	0	0	0	0	0	0	0	0	0
"Senegal"	0	122	0	0	0	0	0	0	0	0	0	0	0	0	66	0	0	0	2	0	0	0	0	0	0	0	0	0	1	0	0	0	0	0	7454	0	0	0	0	0	0	0	0	0	0	0	0	0	0	0	0	0	0	0	0	0	0	0	9	0	0	0	0	0	0	0	0	0	0	1	1	0	0	3	0	0	0	0	2	0	0	0	0	0	0	0	0	4	138	0	0	0	0	0	0	0	0	0	0	0	0	1	0	0	0	1	0	0	0	2	0	0	0	0	0	0	0	6946	0	0	0	2	0	0	5	0	280	0	0	6	1	0	0	0	2	0	0	0	0	0	0	0	0	0	0	0	0	0	0	0	0	0	0	1	0	0	0	0	0	0	0	7	0	0	5	0	0	0	0	0	0	0	0	0	98	0	0	0	0	0	0	0	0	3	0	0	0	0	0	0	0	0	0	0	0	0	0	0	0	0	0	0	0	0	0
"Israel"	0	199	0	0	0	0	0	0	0	0	0	0	0	0	0	0	0	0	3	0	0	0	5	0	0	0	0	0	2	0	0	0	1	0	0	0	0	0	0	0	0	0	0	0	0	0	0	0	0	0	0	0	0	0	0	0	0	0	0	0	0	0	0	0	0	0	0	0	0	0	0	0	0	1	0	0	0	0	0	0	0	0	0	0	0	0	0	0	0	0	0	0	0	0	0	0	0	0	0	0	0	0	0	0	1	0	0	0	0	1	0	0	0	0	0	0	0	0	0	0	0	0	0	0	24	0	141	0	0	5	0	0	0	0	20	0	0	0	0	0	0	0	0	0	0	0	0	0	0	0	0	0	0	4	0	0	0	0	2	0	0	7	0	0	0	0	0	0	0	0	0	0	0	0	440	0	0	0	0	0	0	0	0	1	0	0	25	0	0	0	0	0	0	0	0	0	0	0	0	0	0	0	0	0	0
"Zambia"	0	23	0	0	0	10	0	0	0	0	0	0	0	0	0	0	0	0	8	0	0	0	0	1	0	0	0	0	20	0	0	0	0	0	0	0	0	0	0	0	0	0	0	0	0	0	0	0	0	0	0	0	0	0	0	0	0	0	0	0	0	0	0	0	0	0	0	0	0	1	0	0	0	0	0	0	0	0	0	0	0	0	0	0	0	0	0	0	0	0	0	0	0	0	0	0	0	0	0	0	0	1	0	0	0	0	0	0	0	0	0	0	0	0	0	0	0	0	0	0	0	0	0	0	2	0	102	0	0	0	0	0	0	0	4	0	0	0	0	0	0	0	0	0	0	0	0	0	0	0	0	0	0	0	0	0	0	0	0	0	0	0	0	0	0	0	0	0	0	0	0	0	0	0	28	0	0	0	0	0	0	0	0	0	0	0	4	0	0	0	0	0	0	0	0	0	0	0	0	0	0	0	0	0	0
"Sierra Leone"	0	356	1	0	0	52	1	5	0	0	0	0	0	0	75	0	0	0	4172	3	0	0	0	68	0	0	0	1	118	0	0	0	0	0	198	1	1	1344	3566	0	141	4	0	0	0	0	24	0	0	0	0	0	9	0	0	0	6	0	80	5259	342	0	304	2	0	0	0	0	103	4	43	1667	0	12	0	0	0	108	2	3	0	0	0	0	2	0	0	5	308	1	0	0	36	0	1	0	1	10	1	0	0	12	0	1	0	10	0	1	0	131	0	0	0	0	0	0	9	5955	0	130	0	0	0	0	145	0	10066	0	0	16	0	0	9	0	2103	0	0	0	0	0	0	0	0	0	0	61	28	0	0	13	0	0	14	28	0	0	0	0	1	0	95	3830	0	9	283	0	0	0	0	0	0	0	0	0	1323	0	0	0	0	0	0	0	0	48	0	0	77	1	0	0	23	0	0	0	0	0	0	0	0	0	0	0	0	0	0
"Vanuatu"	0	0	0	0	0	0	0	0	0	0	0	0	0	0	0	0	0	0	0	0	0	0	0	0	0	0	0	0	0	0	0	0	0	0	0	0	0	0	0	0	0	0	0	0	0	0	0	0	0	0	0	0	0	0	0	0	0	0	0	0	0	0	0	0	0	0	0	0	0	0	0	0	0	0	0	0	0	0	0	0	0	0	0	0	0	0	0	0	0	0	0	0	0	0	0	0	0	0	0	0	0	0	0	0	0	0	0	0	0	0	0	0	0	0	0	0	0	0	0	0	0	0	0	0	0	0	0	0	0	0	0	0	0	0	0	0	0	0	0	0	0	0	0	0	0	0	0	0	0	0	0	0	0	0	0	0	0	0	0	0	0	0	0	0	0	0	0	0	0	0	0	0	0	0	0	0	0	0	0	0	0	0	0	0	0	0	0	0	0	0	0	0	0	0	0	0	0	0	0	0	0	0	0	0	0
"Ethiopia"	11009	2739	128	0	1	125	0	0	0	0	5	0	620	0	4	0	77	0	2853	0	1	1	0	0	2	0	0	1	1003	0	31	0	1	0	0	0	8	0	0	16428	1	53	0	0	0	0	26	0	0	0	0	0	0	7	0	0	0	1896	55	0	10	0	0	0	0	0	3	1	0	9	87	33	1	4	0	0	0	4	5	3	0	0	0	0	5	0	0	14	347	0	0	5	1	0	2	0	0	0	2	0	551	55	0	1	2	32	0	1	0	79	0	0	0	0	0	0	0	1	0	19	16	10	0	0	386	0	24853	0	0	40	0	0	1	0	1923	1	0	0	0	0	0	0	0	0	0	507	102	0	0	25	0	0	4	47	0	0	0	0	224	0	2	697	5	2	1518	0	0	11	0	0	7	0	0	0	4753	0	0	0	0	0	0	0	0	454	0	0	53	0	0	0	33	0	0	0	0	0	0	0	0	0	0	0	0	0	0
"Greece"	0	52	0	0	0	0	0	0	0	0	0	0	0	0	0	0	0	0	0	0	0	0	0	0	0	0	0	0	0	0	0	0	0	0	0	0	0	0	0	0	0	0	0	0	0	0	0	0	0	0	0	0	0	0	0	0	0	0	0	0	0	0	0	0	0	0	0	0	0	0	0	0	0	0	0	0	0	0	0	0	0	0	0	0	0	0	0	0	0	0	0	0	0	0	0	0	0	0	0	0	0	0	0	0	0	0	0	0	0	0	0	0	0	0	0	0	0	0	0	0	0	0	0	0	3	0	27	0	0	1	0	0	0	0	3	0	0	0	0	0	0	0	0	0	0	0	0	0	0	0	0	0	0	0	0	0	0	0	0	0	0	1	0	0	0	0	0	0	0	0	0	0	0	0	4	0	0	0	0	0	0	0	0	0	0	0	0	0	0	0	0	0	0	0	0	0	0	0	0	0	0	0	0	0	0
"Albania"	0	963	0	0	0	0	0	0	0	0	0	0	0	0	14	0	0	0	1378	0	0	0	0	0	0	0	0	0	52	0	0	0	0	0	0	0	0	0	0	0	0	0	0	0	0	0	7	0	0	0	0	0	0	0	0	0	0	0	5	0	0	0	0	0	0	0	0	0	0	0	172	0	0	8	0	0	0	0	0	4	0	0	0	0	0	0	0	1	1239	0	0	0	0	0	0	0	0	0	0	0	0	10	0	0	0	0	0	0	0	50	0	0	0	0	0	0	0	0	0	0	0	13	0	0	155	0	7792	0	0	165	0	0	0	0	16	0	0	0	0	0	0	0	0	0	0	0	44	0	0	0	0	0	0	18	0	0	0	0	0	0	0	116	0	0	276	0	0	0	0	0	0	0	0	0	1327	0	0	0	0	0	0	0	0	92	0	0	153	9	0	0	0	0	0	0	0	0	0	0	0	0	0	0	0	0	0
"Tonga"	0	4	0	0	0	0	0	0	0	0	0	0	0	0	0	0	0	0	0	0	0	0	0	0	0	0	0	0	0	0	0	0	0	0	0	0	0	0	0	0	0	0	0	0	0	0	0	0	0	0	0	0	0	0	0	0	0	0	0	0	0	0	0	0	0	0	0	0	0	0	0	0	0	0	0	0	0	0	0	0	0	0	0	0	0	0	0	0	0	0	0	0	0	0	0	0	0	0	0	0	0	0	0	0	0	1	0	0	0	0	0	0	0	0	0	0	0	0	0	0	0	0	0	0	0	0	1	0	0	0	0	0	0	0	0	0	0	0	0	0	0	0	0	0	0	0	0	0	0	0	0	0	0	0	0	0	0	0	0	0	0	0	0	0	0	0	0	0	0	0	0	0	0	0	0	0	0	0	0	0	0	0	0	0	0	0	0	0	0	0	0	0	0	0	0	0	0	0	0	0	0	0	0	0	0
"Tanzania"	0	45	1	0	0	136	0	0	0	0	0	0	0	0	0	0	0	0	310	1	0	0	0	3	0	0	0	0	5	1	0	0	0	0	0	0	0	0	0	7	0	0	0	0	0	0	1	0	0	0	0	0	0	0	0	0	2	0	3	0	0	0	0	0	0	0	0	0	0	0	0	0	0	0	0	0	0	0	0	0	0	0	0	0	1	0	0	0	0	0	0	0	0	0	0	0	0	0	0	0	0	3	0	0	0	0	0	0	0	0	0	0	0	0	0	0	0	0	0	5	0	0	0	0	16	0	129	0	0	5	0	0	0	0	513	0	0	0	0	0	0	0	0	0	0	0	0	0	0	0	0	0	0	3	2	0	0	0	0	0	0	10	0	2	0	0	0	0	0	0	0	0	0	0	456	0	0	0	0	0	0	0	0	4	0	0	4	0	0	0	0	0	0	0	0	0	0	0	0	0	0	0	0	0	0
"Jordan"	0	596	0	0	1	0	0	0	0	0	0	0	0	0	0	0	0	0	1	0	0	0	0	0	0	0	0	0	11	1	0	0	0	0	0	0	3	0	0	0	0	0	0	0	0	0	1	0	0	0	0	0	0	0	0	0	0	1	1	0	0	0	0	0	0	0	0	0	0	0	1	0	0	2	0	0	0	0	0	1	0	0	0	0	7	0	0	2	0	0	0	0	0	0	0	0	0	0	0	0	0	2	0	0	0	3	0	0	0	8	0	0	0	0	0	0	17	0	0	0	0	1	0	0	131	0	434	0	0	4	0	0	0	0	63	0	0	0	0	0	0	0	0	0	0	0	29	0	0	0	0	0	9	6	0	0	0	0	16	0	0	5	0	0	3	0	0	0	0	0	0	0	1	0	217	0	0	0	0	0	0	0	0	23	0	0	2	0	0	0	0	0	0	0	0	0	0	0	0	0	0	0	0	0	0
"Tuvalu"	0	3	0	0	0	0	0	0	0	0	0	0	0	0	0	0	0	0	0	0	0	0	0	0	0	0	0	0	0	0	0	0	0	0	0	0	0	0	0	0	0	0	0	0	0	0	0	0	0	0	0	0	0	0	0	0	0	0	0	0	0	0	0	0	0	0	0	0	0	0	0	0	0	0	0	0	0	0	0	0	0	0	0	0	0	0	0	0	0	0	0	0	0	0	0	0	0	0	0	0	0	0	0	0	0	0	0	0	0	0	0	0	0	0	0	0	0	0	0	0	0	0	0	0	0	0	0	0	0	0	0	0	0	0	0	0	0	0	0	0	0	0	0	0	0	0	0	0	0	0	0	0	0	0	0	0	0	0	0	0	0	0	0	0	0	0	0	0	0	0	0	0	0	0	0	0	0	0	0	0	0	0	0	0	0	0	0	0	0	0	0	0	0	0	0	0	0	0	0	0	0	0	0	0	0
"Cameroon"	0	761	0	0	0	81	0	0	0	0	0	0	0	0	2	0	0	0	731	0	0	0	0	0	0	0	0	2	36	0	0	0	0	0	0	3	0	20	0	0	11	0	0	0	0	1	4	0	0	0	0	0	0	4	0	0	2	0	105	1	1	0	0	0	7	0	0	0	0	1	97	28	0	3	0	0	0	0	10	0	0	0	0	0	0	0	0	15	472	9	0	0	5	0	0	0	0	6	4	0	0	5	0	0	1	1	0	0	0	26	0	0	0	0	0	0	0	0	0	6	0	0	0	0	23	0	6713	0	0	82	1	4	2	0	18	0	0	0	0	0	0	0	0	0	0	1	17	0	0	0	0	0	6	34	0	0	0	0	1	0	0	189	0	0	248	0	0	0	0	0	1	0	0	0	379	0	0	0	0	0	0	0	0	76	0	0	129	0	0	0	0	0	0	0	0	0	0	0	0	0	0	0	0	0	0
"South Korea"	0	1109	0	0	0	0	0	0	0	0	0	0	0	0	0	0	0	0	1	0	0	0	0	0	0	0	0	0	1	0	0	0	0	0	0	0	0	0	0	0	0	0	0	0	0	0	0	0	0	0	0	0	0	0	0	0	0	0	0	0	0	0	0	0	0	0	0	0	0	0	0	0	0	0	0	0	0	0	0	0	0	0	0	0	0	0	0	0	0	0	0	0	0	0	0	0	0	0	0	0	0	0	0	0	0	0	0	0	0	0	0	0	0	0	0	0	0	0	0	0	0	0	0	0	7	0	15	0	0	6	0	0	0	0	4	0	0	0	0	0	0	0	0	0	0	0	0	0	0	0	0	0	0	0	0	0	0	0	0	0	0	9	0	0	0	0	0	0	0	0	0	0	0	0	182	0	0	0	0	0	0	0	0	0	0	0	0	0	0	0	0	0	0	0	0	0	0	0	0	0	0	0	0	0	0
"Various"	0	72847	0	0	0	4764	0	0	0	0	0	0	0	0	0	0	0	0	106780	0	0	0	0	0	0	1	0	0	558	0	0	278	9	243	4	16	0	86	0	0	0	0	9542	0	0	0	28	0	0	2596	0	0	13	0	0	0	0	0	127	0	0	0	4	0	0	0	0	0	0	0	263	0	0	0	0	0	0	0	0	0	0	0	0	53	0	0	5318	1	22610	0	0	0	0	0	0	0	0	65	0	0	0	0	0	0	0	0	0	0	75	15	0	0	0	0	0	0	0	0	0	0	0	79	0	0	3973	0	2132	0	0	1710	0	0	0	0	393	0	0	0	0	0	0	0	0	0	0	0	1026	0	0	0	0	0	0	581	10	0	0	0	68	0	56	2528	0	0	3390	0	0	135	0	0	0	0	0	0	919	0	2206	0	0	0	0	0	0	172	0	0	442	0	0	0	612	0	0	0	0	0	0	0	0	0	0	0	0	0	0
"Georgia"	0	1173	0	0	0	0	0	0	0	0	0	0	0	0	5	0	0	0	37	0	0	0	1	0	0	0	0	0	49	2	0	0	120	0	0	1	0	0	0	0	0	0	0	0	0	0	0	0	0	0	0	0	0	0	0	0	0	0	92	0	0	0	0	0	0	0	0	0	0	0	291	0	0	1	0	0	0	0	0	0	0	0	0	0	5	0	0	24	1668	0	0	0	0	0	0	0	0	0	0	0	0	3	0	0	0	80	0	0	0	82	0	0	0	0	0	0	0	0	0	10	121	21	0	0	106	0	1289	0	0	31	0	0	4	0	3	0	0	0	0	0	0	0	0	0	0	0	44	0	0	0	0	0	39	3	0	0	0	0	1	2	0	467	0	0	41	0	0	0	0	0	0	0	0	0	297	0	0	0	0	0	0	0	0	81	0	0	145	1	0	0	0	0	0	0	0	0	0	0	0	0	0	0	0	0	0
"Central Afr. Rep."	0	13	9	0	0	0	0	0	0	0	0	0	0	0	1	0	0	0	2	0	0	0	0	1	0	0	0	2	0	0	0	0	0	0	0	0	0	5	0	0	2	0	0	0	0	0	10	0	0	0	0	0	22342	0	0	0	0	0	0	1	19	0	10	0	1	0	0	0	0	0	0	6	0	0	0	0	0	0	4	0	0	0	0	31	0	0	48400	0	468	0	0	0	0	0	0	0	0	15	0	0	0	0	0	0	0	0	0	0	9	1	0	0	0	0	0	0	0	0	0	2	0	0	0	0	29	0	200	0	0	5	0	2	0	0	0	0	0	0	0	0	0	0	0	0	0	1	0	0	0	0	0	0	0	0	0	0	0	0	0	0	0	11	0	3	4	0	0	0	0	0	0	0	0	0	55	0	0	0	0	0	0	0	0	2	0	0	19	0	0	0	0	0	0	0	0	0	0	0	0	0	0	0	0	0	0
"Yemen"	0	161	0	0	0	0	0	0	0	0	0	0	3	0	0	0	0	0	75	0	0	0	0	0	0	0	0	0	22	0	0	0	0	0	0	0	85	0	0	0	0	0	0	0	0	7	0	0	0	0	0	0	0	0	0	0	0	0	1	0	0	0	0	0	0	0	0	0	0	0	3	0	0	1	0	0	0	0	0	0	0	0	0	0	0	0	0	0	0	0	0	0	0	0	0	0	0	0	0	0	0	3	0	1	0	0	0	0	0	0	0	0	0	0	0	0	6	0	0	0	0	0	0	0	44	0	359	0	0	16	0	0	0	0	15	0	0	0	0	0	0	0	0	0	0	204	8	0	0	0	0	0	3	0	0	0	0	0	7	1	0	62	0	0	1	0	0	0	0	0	0	0	0	0	180	0	0	0	0	0	0	0	0	93	0	0	1	0	0	0	0	0	0	0	0	0	0	0	0	0	0	0	0	0	0
"Hungary"	0	2161	0	0	0	0	0	10	0	0	0	0	0	0	0	0	0	0	0	0	0	0	0	0	0	0	0	0	4	6	0	0	0	0	0	0	0	0	0	0	0	0	0	0	0	0	0	0	0	0	0	0	0	0	0	0	0	0	0	0	0	0	0	0	0	0	0	0	0	0	1	0	0	0	0	0	0	0	0	0	0	0	0	0	0	0	0	0	0	0	0	0	0	0	0	0	0	0	0	0	0	0	0	0	0	0	1	0	0	0	0	0	0	0	0	0	0	0	0	1	0	0	0	0	6	0	42	0	0	133	0	0	0	0	0	0	0	0	0	0	0	0	0	0	0	0	0	0	0	0	0	0	0	5	0	0	0	0	1	0	0	3	0	0	0	0	0	0	0	0	0	0	0	0	722	0	0	0	0	0	0	0	0	19	0	0	4	0	0	0	0	0	0	0	0	0	0	0	0	0	0	0	0	0	0
"Guinea"	0	260	6	0	0	0	0	0	0	0	0	0	0	0	23	0	0	0	205	0	0	0	0	7	0	0	0	0	9	0	0	0	0	0	0	0	0	0	0	0	17	0	0	1	0	0	0	0	0	0	0	0	0	0	0	0	0	0	7	0	5	0	9	0	0	0	0	0	0	0	26	24	0	2	0	0	0	0	2	0	0	0	0	0	0	0	0	1	1136	0	0	0	1	0	0	0	0	0	0	0	0	2	0	0	0	1	0	1	0	20	0	0	0	0	0	0	0	0	0	1	0	6	0	0	16	0	2642	0	0	218	4	0	0	0	253	0	0	0	0	0	0	0	0	0	0	1	6	0	0	0	0	0	0	3	0	0	0	0	1	0	3	1023	0	1	37	0	0	0	0	0	0	0	0	0	747	0	0	0	0	0	0	0	0	67	0	0	46	0	0	0	0	0	0	0	0	0	0	0	0	0	0	0	0	0	0
"Côte d'Ivoire"	0	239	0	0	0	7	0	0	0	0	0	0	0	0	2	0	0	0	870	0	0	0	0	99	2	0	0	0	19	0	0	0	0	0	45	2	1	2066	12590	0	64	311	0	43	0	0	7	0	0	0	0	0	47	4	0	0	35	0	6	4335	0	0	168	0	5	0	0	0	22	0	9	43	1	0	0	0	0	24	44	6	0	0	0	0	0	0	0	1	1290	23	0	0	198	0	1	0	0	136	0	0	0	0	0	14	0	1	1	1	0	110	0	0	0	0	0	0	0	70	0	12	0	0	0	0	37	0	1064	0	0	189	0	26	0	0	169	0	0	0	0	0	0	0	0	0	5	78	3	0	0	0	0	0	0	3	0	0	0	0	0	0	5	332	0	1	1012	0	0	0	0	0	1	0	0	0	236	0	0	0	0	0	0	0	1	77	0	0	80	0	0	0	22	0	0	0	0	0	0	0	0	0	0	0	0	0	0
"Honduras"	0	34	0	0	0	0	0	0	0	0	0	0	0	0	0	0	0	0	0	0	0	0	0	0	0	0	0	0	0	0	0	8	0	0	0	0	0	0	0	0	0	0	0	0	0	0	0	0	0	0	0	0	0	0	0	0	0	0	0	0	0	0	0	0	0	0	0	0	0	0	0	0	0	0	0	0	0	0	0	47	0	0	0	0	0	0	0	0	59	0	0	0	0	0	0	0	0	0	1	0	0	0	0	0	0	0	0	0	0	4	0	0	0	0	0	0	0	0	0	0	0	0	0	0	39	0	639	0	0	0	0	0	0	0	0	0	0	0	0	0	0	0	0	0	0	0	0	0	0	0	0	12	0	0	0	0	0	0	0	0	0	4	0	0	0	0	0	0	0	0	0	0	0	0	188	0	0	0	0	0	0	0	0	0	0	0	0	0	0	0	0	0	0	0	0	0	0	0	0	0	0	0	0	0	0
"Mauritania"	0	33	0	0	0	0	0	0	0	0	0	0	0	0	1	0	0	0	5	0	0	0	0	10	0	0	0	0	1	0	0	0	0	0	0	0	0	6165	0	0	19630	0	0	0	0	0	0	0	0	0	0	0	0	0	0	0	0	0	1	0	5	0	0	0	2	0	0	0	0	0	4	0	0	0	0	0	0	2	0	0	0	0	0	0	0	0	0	0	3904	0	0	0	0	0	0	0	0	0	0	0	0	0	0	0	0	0	0	0	0	24	0	0	0	0	0	0	0	0	0	2	0	0	0	0	7	0	3131	0	0	92	0	0	0	0	6	0	0	0	0	0	0	0	0	0	0	0	5	0	0	0	0	0	0	2	0	0	0	0	0	0	0	140	0	14	6	0	0	0	0	0	0	0	0	0	229	0	0	0	0	0	0	0	0	3	0	0	4	0	0	0	0	0	0	0	0	0	0	0	0	0	0	0	0	0	0
"Bangladesh"	0	385	0	0	0	0	0	0	0	0	0	0	0	0	7	0	0	0	1786	0	0	0	0	0	0	0	0	0	22	0	0	0	0	0	0	0	0	0	0	0	0	0	0	0	0	0	16	0	0	0	0	0	0	13	0	0	0	0	3	0	0	0	0	0	0	0	1	0	0	0	9	0	0	0	0	0	0	0	0	5	0	0	0	0	0	0	0	4	1297	0	0	0	0	0	0	0	0	0	0	0	0	14	0	1	0	1	0	0	0	6	0	0	0	0	0	0	0	0	0	0	0	0	0	0	297	0	1930	0	0	4	1	0	0	2	118	0	0	0	0	0	0	0	0	0	0	0	4	0	0	0	0	0	1	42	0	0	0	0	2	0	0	54	0	0	145	0	0	0	0	0	2	0	0	0	1575	0	0	0	0	0	0	0	0	38	0	0	18	0	0	0	0	0	0	0	0	0	0	0	0	0	0	0	0	0	0
"Burkina Faso"	0	92	0	0	0	0	0	0	0	0	0	0	0	0	0	0	0	0	4	0	0	0	0	0	0	0	0	0	0	0	0	0	0	0	0	0	0	0	0	0	0	0	0	0	0	0	0	0	0	0	0	0	0	0	0	0	0	0	2	0	1	0	0	0	0	0	0	0	0	0	3	0	0	0	0	0	0	0	0	0	0	0	0	0	0	0	0	0	35	0	0	0	0	0	0	0	0	0	0	0	0	0	0	0	0	1	0	0	0	4	0	0	0	0	0	0	0	0	0	1	0	0	0	0	1	0	100	0	0	8	0	0	0	0	0	0	0	0	0	0	0	0	0	0	0	0	0	0	0	0	0	0	0	0	0	0	0	0	0	0	0	9	0	0	16	0	0	0	0	0	0	0	0	0	95	0	0	0	0	0	0	0	0	4	0	0	1	0	0	0	0	0	0	0	0	0	0	0	0	0	0	0	0	0	0
"Bahrain"	0	6	0	0	0	0	0	0	0	0	0	0	0	0	0	0	0	0	1	0	0	0	0	0	0	0	0	0	0	0	0	0	0	0	0	0	0	0	0	0	0	0	0	0	0	0	0	0	0	0	0	0	0	0	0	0	0	0	0	0	0	0	0	0	0	0	0	0	0	0	0	0	0	0	0	0	0	0	0	0	0	0	0	0	0	0	0	0	0	0	0	0	0	0	0	0	0	0	0	0	0	0	0	0	0	0	0	0	0	0	0	0	0	0	0	0	0	0	0	0	0	0	0	0	12	0	19	0	0	0	0	0	0	0	10	0	0	0	0	0	0	0	0	0	0	0	9	0	0	0	0	0	0	0	0	0	0	0	2	0	0	1	0	0	0	0	0	0	0	0	0	0	0	0	2	0	0	0	0	0	0	0	0	0	0	0	0	0	0	0	0	0	0	0	0	0	0	0	0	0	0	0	0	0	0
"Nepal"	0	225	0	0	0	0	0	0	0	0	0	0	0	0	0	0	0	0	149	0	0	0	0	0	0	0	0	0	18	0	0	0	0	0	0	0	0	0	0	0	0	0	0	0	0	0	0	0	0	0	0	0	0	0	0	0	0	0	14	0	0	0	0	0	0	0	0	0	0	0	8	0	0	0	0	0	0	0	0	3	0	0	0	0	0	0	0	3	32	0	0	0	0	0	0	0	0	0	0	0	0	2	0	67	0	0	0	0	0	4	0	0	0	0	0	0	0	0	0	1	0	0	0	0	17	0	1518	0	0	26	2	0	0	17	72	0	0	0	0	0	0	0	0	0	0	0	3	0	0	0	0	0	0	6	0	0	0	0	18	0	0	105	0	0	0	0	0	0	0	0	11	0	0	0	319	0	0	0	0	0	0	0	0	3	0	0	4	0	0	0	0	0	0	0	0	0	0	0	0	0	0	0	0	0	0
"Burundi"	0	134	1741	0	0	2196	0	0	0	0	1245	0	0	0	2	0	0	0	1753	0	3	0	0	10	5	0	0	68	761	0	1	0	0	493	3	0	1	50	0	1195	56	1	1401	0	0	50	23	0	0	352640	0	0	269	1	0	0	41	3	4	6	92	0	0	0	62	0	0	0	0	105	13	6	0	1	0	0	0	3	46	0	0	0	0	17777	0	0	0	0	266	1	0	2870	0	0	0	0	605	57	0	0	0	2	0	0	0	7	0	0	47	1	0	0	0	0	0	0	0	0	0	33	0	0	0	0	1201	0	2094	0	0	294	1	0	1	2	1478	0	0	0	0	0	0	0	0	0	4	41	326	0	0	173	0	0	0	5	1	0	0	0	114	0	0	2257	0	41	24	0	0	1	0	0	1	0	0	0	2148	0	0	0	0	0	0	0	0	148	0	0	36	0	0	0	0	0	0	0	0	0	0	0	0	0	0	0	0	0	0
"Ghana"	0	1491	0	0	0	8	0	0	0	0	0	0	0	0	11	0	0	0	1870	1	0	0	0	0	0	0	1	0	9	0	0	0	0	0	1	1	0	0	0	0	1	0	0	0	0	0	5	0	0	0	0	0	0	0	0	0	0	0	10	0	39	0	0	0	0	0	0	0	0	0	19	69	0	1	0	0	0	0	0	1	0	0	0	0	0	0	0	0	595	0	0	0	0	0	0	0	0	5000	0	0	0	1	0	0	0	0	0	0	0	5	0	0	0	0	0	0	0	0	0	6	0	18	0	0	5	0	243	0	0	8	1	0	0	0	77	0	0	0	0	0	0	0	0	0	0	0	0	0	0	0	0	0	1	15	0	0	0	0	0	0	0	8	0	1	127	0	0	0	0	0	0	0	0	0	259	0	0	0	0	0	0	0	0	6	0	0	46	0	0	0	0	0	0	0	0	0	0	0	0	0	0	0	0	0	0
"Botswana"	0	5	0	0	0	0	0	0	0	0	0	0	0	0	0	0	0	0	1	0	0	0	0	0	0	0	0	0	0	0	0	0	0	0	0	0	0	0	0	0	0	0	0	0	0	0	0	0	0	0	0	0	0	0	0	0	0	0	0	0	0	0	0	0	0	0	0	0	0	0	0	0	0	0	0	0	0	0	0	0	0	0	0	0	0	0	0	0	0	0	0	0	0	0	0	0	0	0	0	0	0	0	0	0	0	0	0	0	0	0	0	0	0	0	0	0	0	0	0	0	0	0	0	0	0	0	2	0	0	0	0	0	0	0	0	0	0	0	0	0	0	0	0	0	0	0	0	0	0	0	0	0	0	0	0	0	0	0	0	0	0	0	0	0	0	0	0	0	0	0	0	0	0	0	3	0	0	0	0	0	0	0	0	0	0	0	0	0	0	0	0	0	0	0	0	0	0	0	0	0	0	0	0	0	0
"Austria"	0	25	0	0	0	0	0	0	0	0	0	0	0	0	0	0	0	0	0	0	0	0	0	0	0	0	0	0	0	0	0	0	0	0	0	0	0	0	0	0	0	0	0	0	0	0	0	0	0	0	0	0	0	0	0	0	0	0	0	0	0	0	0	0	0	0	0	0	0	0	0	0	0	0	0	0	0	0	0	0	0	0	0	0	0	0	0	0	0	0	0	0	0	0	0	0	0	0	0	0	0	0	0	0	0	0	0	0	0	0	0	0	0	0	0	0	0	0	0	0	0	0	0	0	0	0	4	0	0	0	0	0	0	0	2	0	0	0	0	0	0	0	0	0	0	0	0	0	0	0	0	0	0	0	0	0	0	0	0	0	0	0	0	0	0	0	0	0	0	0	0	0	0	0	0	0	0	0	0	0	0	0	0	2	0	0	0	0	0	0	0	0	0	0	0	0	0	0	0	0	0	0	0	0	0
"Nigeria"	0	1096	2	0	0	27	0	0	0	0	0	0	0	0	35	0	0	0	2165	1	8	0	0	0	0	0	0	0	21	0	0	0	0	0	2	7	0	76	0	0	8	0	0	0	0	0	39	0	0	0	0	0	2953	0	0	0	0	0	116	3	13	0	0	0	0	0	0	0	4	0	72	0	0	2	0	0	0	1	215	3	0	0	0	0	0	0	0	11	471	0	0	0	5	0	0	0	0	14	10	0	0	10	0	0	0	3	2	0	0	56	0	0	0	0	0	0	0	0	0	26	0	19	0	0	40	0	2541	0	0	5	2	0	1	1	53	0	0	0	0	0	0	0	0	0	0	0	9	0	0	1	0	1	0	40	0	0	0	0	2	3	2	193	0	0	486	0	0	0	0	0	0	0	0	0	1722	0	0	0	0	0	0	0	0	36	0	0	619	0	0	0	0	0	0	0	0	0	0	0	0	0	0	0	0	0	0
"Indonesia"	0	460	0	0	0	0	0	0	0	0	0	0	0	0	0	0	0	0	5	0	0	0	0	0	0	0	0	0	164	0	0	0	0	0	0	0	0	0	0	0	0	0	0	0	0	0	0	0	0	0	0	0	0	0	0	0	0	0	0	0	0	0	0	0	0	0	0	0	0	0	4	0	0	0	0	0	0	0	0	0	0	0	0	0	0	0	0	0	5	0	0	0	0	0	0	0	0	0	0	0	0	0	0	2	0	0	0	0	0	0	0	0	0	0	0	0	0	0	0	0	0	0	0	0	11	0	6650	0	0	0	1	0	0	15174	1353	0	0	0	0	0	0	0	0	0	0	0	269	0	0	0	0	0	1	1	0	0	0	0	8	0	1	39	0	0	0	0	0	0	0	0	0	0	10177	0	402	0	0	0	0	0	0	0	0	0	0	0	1	0	0	0	0	0	0	0	0	0	0	0	0	0	0	0	0	0	0
"Romania"	0	3898	0	0	0	0	0	7	0	0	0	0	0	0	1	0	0	0	551	0	0	0	0	0	0	0	0	0	13	1	0	0	0	0	0	0	0	0	0	0	0	0	0	0	0	0	0	0	0	0	0	0	0	0	0	0	0	0	24	0	0	0	0	0	0	0	0	0	0	0	72	0	0	0	0	0	0	0	0	0	0	0	0	0	0	0	0	1	190	0	0	0	0	0	0	0	0	0	2	0	0	0	0	0	0	0	0	0	0	8	0	0	0	0	0	0	0	0	0	1	0	124	0	0	25	0	1091	0	0	57	0	0	0	0	9	0	0	0	0	0	0	0	0	0	0	0	8	0	0	0	0	0	0	1	0	0	0	0	0	0	1	34	0	0	74	0	0	0	0	0	0	0	0	0	654	0	0	0	0	0	0	0	0	54	0	0	328	1	0	0	4	0	0	0	0	0	0	0	0	0	0	0	0	0	0
"Stateless"	0	3430	0	0	3	0	0	3	0	0	0	0	0	0	1	0	0	0	198	0	7	0	0	0	0	0	0	0	655	0	0	0	0	0	0	0	37	0	0	0	0	0	0	0	0	0	0	0	0	0	36	0	0	0	0	0	0	1	33	0	0	0	0	0	0	0	0	0	0	0	180	0	0	0	0	0	0	1	0	0	0	0	0	0	0	0	0	27	0	0	0	0	0	0	0	0	0	0	0	0	0	200	0	4	0	8	1	0	0	46	0	0	0	0	0	0	5	0	0	1	0	38	0	0	2218	0	1139	0	0	13	4	0	0	0	35	0	0	0	0	0	0	0	0	0	0	0	646	0	0	0	0	0	1	72	2	0	0	0	7	6	0	873	1	0	6	0	0	4	0	0	0	0	0	0	1248	0	0	0	0	0	0	0	0	51	0	0	19	0	0	0	0	0	0	0	0	0	0	0	0	0	0	0	0	0	0
"Macedonia"	0	6014	0	0	0	0	0	0	0	0	0	0	0	0	0	0	0	0	421	0	0	0	0	0	0	0	0	0	6	0	0	0	0	0	0	0	0	0	0	0	0	0	0	0	0	0	0	0	0	0	0	0	0	0	0	0	0	0	7	0	0	0	0	0	0	0	0	0	0	0	57	0	0	1	0	0	0	0	0	0	0	0	0	0	0	0	0	0	176	0	0	0	0	0	0	0	0	0	0	0	0	0	0	0	0	0	0	0	0	0	0	0	0	0	0	0	0	0	0	6	0	2	0	0	159	0	256	0	0	36	0	0	3	0	0	398	0	0	0	0	0	0	0	0	0	0	21	0	0	0	0	0	0	14	0	0	0	0	1	0	0	53	0	0	65	0	0	0	0	0	0	0	0	0	76	0	0	0	0	0	0	0	0	153	0	0	15	0	0	0	0	0	0	0	0	0	0	0	0	0	0	0	0	0	0
"Mongolia"	0	202	0	0	0	0	0	0	0	0	0	0	0	0	0	0	0	0	28	0	0	0	0	0	0	0	0	0	6	0	0	0	0	0	0	0	0	0	0	0	0	0	0	0	0	0	0	0	0	0	0	0	0	0	0	0	0	0	0	0	0	0	0	0	0	0	0	0	0	0	26	0	0	0	0	0	0	0	0	0	0	0	0	0	0	0	0	3	185	0	0	0	0	0	0	0	0	0	0	0	0	0	0	0	0	0	0	0	0	0	0	0	0	0	0	0	0	0	0	0	0	0	0	0	20	0	228	0	0	0	0	0	0	0	18	0	0	0	0	0	0	0	0	0	0	0	4	0	0	0	0	0	0	1	0	0	0	0	2	0	6	54	0	0	1	0	0	0	0	0	0	0	0	0	48	0	0	0	0	0	0	0	0	35	0	0	0	0	0	0	0	0	0	0	0	0	0	0	0	0	0	0	0	0	0
"Libya"	0	339	0	0	0	0	0	0	0	0	0	0	0	0	0	0	0	0	155	0	1	0	0	0	0	0	0	0	77	0	0	0	0	0	0	0	2	0	0	0	0	0	0	0	0	0	7	0	0	0	1	0	0	0	0	0	0	1	8	0	0	0	0	0	0	0	0	0	0	0	2	1	0	1	0	0	0	0	0	0	0	0	0	0	0	0	0	0	9	6	0	0	0	0	0	0	0	0	0	0	0	0	0	0	0	2	0	0	0	0	0	0	0	0	0	0	0	0	0	2	0	0	0	0	111	0	68	0	0	0	0	0	0	0	1	0	0	0	0	0	0	0	0	0	0	3	32	0	0	0	0	0	1	28	0	0	0	0	8	0	0	86	0	0	1	0	0	0	0	0	0	0	0	0	156	0	0	0	0	0	0	0	0	389	0	0	64	1	0	0	10	0	0	0	0	0	0	0	0	0	0	0	0	0	0
"Benin"	0	85	0	0	0	0	0	1	0	0	0	0	0	0	0	0	0	0	4	0	0	0	0	0	0	0	0	0	5	0	0	0	0	0	0	0	0	0	0	0	0	0	0	0	0	0	0	0	0	0	0	0	0	0	0	0	0	0	0	0	0	0	0	0	0	0	0	0	0	0	3	0	0	0	0	0	0	0	0	0	0	0	0	0	0	0	0	0	9	0	0	0	0	0	0	0	0	0	0	0	0	2	0	0	0	1	0	0	0	0	0	0	0	0	0	0	0	0	0	0	0	0	0	0	0	0	37	0	0	2	0	0	0	0	0	0	0	0	0	0	0	0	0	0	0	0	2	0	0	0	0	0	0	0	1	0	0	0	0	0	0	11	0	0	3	0	0	0	0	0	0	0	0	0	41	0	0	0	0	0	0	0	0	6	0	0	2	0	0	0	0	0	0	0	0	0	0	0	0	0	0	0	0	0	0
"Mexico"	0	24	0	0	0	0	0	0	0	0	0	0	0	0	0	0	0	0	0	0	0	0	0	0	0	0	0	0	0	0	0	0	0	0	0	0	0	0	0	0	0	0	0	0	0	0	0	0	0	0	0	0	0	0	0	0	0	0	0	0	0	0	0	0	0	0	0	0	0	0	0	0	0	0	0	0	0	0	0	0	0	0	0	0	0	0	0	0	5	0	0	0	0	0	0	0	0	0	0	0	0	0	0	0	0	0	0	0	0	0	0	0	0	0	0	0	0	0	0	0	0	0	0	0	2	0	962	0	0	0	0	0	0	0	0	0	0	0	0	0	0	0	0	0	0	0	0	0	0	0	0	0	0	0	0	0	0	0	0	0	0	1	0	0	0	0	0	0	0	0	0	0	0	0	2310	0	0	0	0	0	0	0	0	0	0	0	0	0	0	0	0	0	0	0	0	0	0	0	0	0	0	0	0	0	0
"Kuwait"	0	114	0	0	0	0	0	0	0	0	0	0	0	0	0	0	0	0	96	0	0	0	0	0	0	0	0	0	0	0	0	0	0	0	0	0	2	0	0	0	0	0	0	0	0	0	0	0	0	0	1	0	0	0	0	0	0	0	2	0	0	0	0	0	0	0	0	0	0	0	0	0	0	0	0	0	0	0	0	0	0	0	0	0	0	0	0	0	0	0	0	0	0	0	0	0	0	0	0	0	0	0	0	0	0	0	0	0	0	0	0	0	0	0	0	0	0	0	0	1	0	0	0	0	6	0	120	0	0	0	0	0	0	0	141	0	0	0	0	0	0	0	0	0	0	9	3	0	0	0	0	0	0	0	1	0	0	0	34	0	0	11	0	0	0	0	0	0	0	0	0	0	0	0	48	0	0	0	0	0	0	0	0	1	0	0	27	0	0	0	0	0	0	0	0	0	0	0	0	0	0	0	0	0	0
"Palestine"	0	0	3	0	17	0	0	0	0	1	0	0	0	0	0	0	0	15000	122	0	3	0	0	0	2	0	12	0	10	10	2	0	5	0	0	0	9	0	1	0	0	0	0	0	0	0	18	1	0	0	0	0	0	0	0	0	0	440	96	0	1	0	0	0	0	0	0	0	0	0	0	2	3	34	0	0	0	1883	0	2	0	0	0	0	12	0	0	5	86	4005	0	0	25	240016	61	0	0	0	0	9	0	0	0	12	0	4	0	22	0	2	0	0	0	0	0	0	0	0	0	16	6	0	0	0	0	0	6	0	0	40	2	0	0	2	90	0	0	0	0	0	0	0	0	0	14	70198	1025	0	0	0	0	0	108	0	0	0	0	9	59	2	1	8	6	0	73	0	0	0	0	0	0	0	0	0	396	0	0	0	0	0	0	0	0	26	0	0	81	0	0	0	38	0	0	0	0	0	0	0	0	0	0	0	0	0	0
"Western Sahara"	0	0	0	0	0	0	0	0	0	0	0	0	0	0	0	0	0	0	0	0	0	0	0	0	0	0	0	0	1	0	595	0	0	0	0	0	0	0	0	0	0	0	0	0	0	0	0	0	0	0	0	0	0	0	0	0	0	0	0	0	0	0	0	0	0	0	0	0	0	0	0	0	0	0	0	0	0	0	0	0	0	0	0	0	0	0	0	0	7	90000	0	0	0	0	0	0	0	0	0	0	0	0	0	0	0	0	0	0	0	0	0	0	0	0	0	0	0	0	0	0	0	0	0	0	0	0	0	0	0	0	2	0	0	0	0	0	0	0	0	0	0	0	0	0	0	0	0	0	0	0	0	0	0	0	0	0	0	0	0	0	0	0	0	0	0	0	0	0	0	0	0	0	0	0	0	0	0	0	0	0	0	0	0	9	0	0	0	0	0	0	0	0	0	0	0	0	0	0	0	0	0	0	0	0	0
"Congo Dem.Rep."	2733	3563	28766	0	1	10772	0	1	0	4	814	0	12	0	5	0	0	0	6882	0	6	0	0	12615	3	0	0	638	999	0	0	0	1	2203	2	0	4	124	4	2385	21	105	60874	0	0	178	42	0	0	127973	7	0	661	14	0	0	3027	0	37	19	204	0	45	0	50	0	0	12623	20	227	352	750	8	22	0	0	0	7	502	36	0	0	0	0	0	0	0	8	8924	90	0	46272	128	0	6	0	1380	124	0	0	0	31	0	25	0	10	0	2	46341	161	0	0	0	0	0	0	0	8	0	268	0	0	0	0	259	0	5443	0	0	884	2	87	3	1	714	0	0	0	1	0	0	0	0	0	0	20	603	0	0	117	0	0	8	168	4	0	0	1	30	1	17	1751	0	76	496	0	0	2	0	0	3	0	0	0	5212	0	0	0	0	0	0	0	0	1353	0	0	470	1	0	0	68	0	0	0	0	0	0	0	0	0	0	0	0	0	0
"Moldova"	0	2170	0	0	0	0	0	0	0	0	0	0	0	0	0	0	0	0	278	0	0	0	0	0	0	0	0	0	30	0	0	0	2	0	0	0	0	0	0	0	0	0	0	0	0	0	0	0	0	0	0	0	0	0	0	0	0	0	4	0	0	0	0	0	0	0	0	0	0	0	55	0	0	1	0	0	0	0	0	0	0	0	0	0	0	0	0	0	330	0	0	0	0	0	0	0	0	0	1	4	0	0	0	0	0	0	0	0	0	13	0	0	0	0	0	0	0	0	0	0	0	8	0	0	16	0	8338	0	0	11	0	0	0	0	0	0	0	0	0	0	0	0	0	0	0	0	28	0	0	0	0	0	9	3	0	0	0	0	0	0	0	18	0	0	42	0	0	0	0	0	0	0	0	0	108	0	0	0	0	0	0	0	0	12	0	0	199	0	0	0	0	0	0	0	0	0	0	0	0	0	0	0	0	0	0
"Cape Verde"	0	18	0	0	0	0	0	0	0	0	0	0	0	0	0	0	0	0	0	0	0	0	0	0	0	0	0	0	1	0	0	0	0	0	0	0	0	0	0	0	0	0	0	0	0	0	0	0	0	0	0	0	0	0	0	0	0	0	0	0	0	0	0	0	0	0	0	0	0	0	0	0	0	0	0	0	0	0	0	0	0	0	0	0	0	0	0	0	0	0	0	0	0	0	0	0	0	0	0	0	0	2	0	0	0	0	0	0	0	0	0	0	0	0	0	0	0	0	0	1	0	0	0	0	0	0	0	0	0	0	0	0	0	0	0	0	0	0	0	0	0	0	0	0	0	0	0	0	0	0	0	0	0	0	0	0	0	0	0	0	0	1	0	0	17	0	0	0	0	0	0	0	0	0	0	0	0	0	0	0	0	0	0	0	0	0	0	0	0	0	0	0	0	0	0	0	0	0	0	0	0	0	0	0	0
"Chad"	25023	29	0	0	0	0	0	0	0	0	0	0	5	0	1	0	0	0	24	0	0	0	0	43	0	0	0	0	9	0	0	0	0	0	0	0	2	42	1	0	25	1	0	1	0	0	3	0	0	0	1	0	7095	0	0	0	930	0	0	0	16	0	0	0	152	0	0	0	4	0	2	62	0	0	0	0	0	8	101	0	0	0	0	0	0	0	0	0	774	0	0	8	2	0	0	0	0	11	2	0	0	0	0	0	0	7	0	0	86	0	0	0	0	0	0	0	0	0	0	1	0	0	0	0	11	0	317	0	0	19	0	132	0	0	7	0	0	0	0	0	0	0	0	0	2	9	10	0	0	0	0	0	0	0	0	0	0	0	0	0	0	22	0	905	11	0	0	0	0	0	0	0	0	0	340	0	0	0	0	0	0	0	0	36	0	0	8	0	0	0	0	0	0	0	0	0	0	0	0	0	0	0	0	0	0
"Poland"	0	12182	0	0	0	0	0	0	0	0	0	0	0	0	0	0	0	0	171	0	0	0	0	0	0	0	0	0	1	4	0	0	0	0	0	0	0	0	0	0	0	0	0	0	0	0	0	0	0	0	0	0	0	0	0	0	0	0	0	0	0	0	0	0	0	0	0	0	0	0	2	0	0	0	0	0	0	0	0	0	0	0	0	0	0	0	0	0	190	0	0	0	3	0	0	0	0	0	0	0	0	0	0	0	0	0	3	0	0	0	0	0	0	0	0	0	0	0	0	2	0	0	0	0	35	0	71	0	0	432	0	0	0	0	0	0	0	0	0	0	0	0	0	0	2	0	2	0	0	0	0	0	0	0	0	0	0	0	0	0	0	5	0	0	1	0	0	0	0	0	0	0	0	0	344	0	0	0	0	0	0	0	0	9	0	0	54	0	0	0	0	0	0	0	0	0	0	0	0	0	0	0	0	0	0
"France"	0	23	0	0	0	0	0	0	0	0	0	0	0	0	0	0	0	0	0	0	0	0	0	0	0	0	0	0	0	0	0	0	0	0	0	0	0	0	0	0	0	0	0	0	0	0	0	0	0	0	0	0	0	0	0	0	0	0	0	0	0	0	0	0	0	0	0	0	0	0	1	0	0	0	0	0	0	0	0	0	0	0	0	0	0	0	0	0	0	0	0	0	0	0	0	0	0	0	0	0	0	0	0	0	0	0	0	0	0	0	0	0	0	0	0	0	0	0	0	0	0	0	0	0	0	0	34	0	0	0	0	0	0	0	3	0	0	0	0	0	0	0	0	0	0	0	0	0	0	0	0	0	0	0	0	0	0	0	0	0	0	2	0	0	0	0	0	0	0	0	0	0	0	0	18	0	0	0	0	0	0	0	0	1	0	0	0	0	0	0	0	0	0	0	0	0	0	0	0	0	0	0	0	0	0
"Algeria"	0	1249	0	0	0	0	0	0	0	1	0	0	0	0	58	0	0	0	2519	0	0	0	0	1	0	0	30	0	121	0	0	0	1	0	0	0	7	1	1	0	9	0	0	0	0	0	8	0	0	0	0	0	0	4	0	0	0	5	76	0	0	0	0	0	0	0	0	0	0	1	11	0	0	2	0	0	0	6	0	1	0	0	0	0	0	0	0	2	1166	0	0	0	7	0	0	0	0	0	0	1	0	21	2	0	0	1	0	0	0	408	0	0	0	0	0	0	5	0	0	5	0	1	0	0	93	0	1031	0	0	54	0	0	0	6	16	0	0	0	0	0	0	0	0	0	33	4	44	0	0	0	0	0	4	54	1	0	0	0	20	0	4	281	0	0	56	0	0	0	0	0	0	0	0	0	545	0	0	0	0	0	0	0	0	265	0	0	90	0	0	0	20	0	0	0	0	0	0	0	0	0	0	0	0	0	0
"Uzbekistan"	0	1294	0	84	0	0	0	3	0	0	0	0	0	0	0	0	0	0	19	0	0	76	0	0	0	0	8	0	71	0	0	0	8	0	0	0	0	0	0	0	0	0	0	0	0	0	11	0	0	0	0	0	0	0	0	0	0	1	5	0	0	0	0	0	0	0	0	0	0	0	41	0	0	2	0	0	0	0	0	2	0	0	0	0	1	0	0	4	162	0	0	0	0	0	0	0	0	0	0	0	0	0	0	0	0	2	0	5	0	1	0	0	0	0	0	0	0	0	94	0	0	23	0	0	1275	0	5202	0	0	36	4	0	1	0	21	1	0	0	0	0	0	0	0	0	0	0	26	0	0	0	0	0	4	22	3	0	0	0	0	0	2	178	0	0	0	0	0	0	0	0	0	0	0	0	346	0	0	0	0	0	0	0	0	31	0	0	32	0	0	0	0	0	0	0	0	0	0	0	0	0	0	0	0	0	0
"Rwanda"	0	174	21866	0	6	1278	0	0	0	0	1832	0	3	0	0	0	0	0	2008	0	12	0	0	91	0	0	3	0	444	0	0	0	8	580	0	0	0	85	1	2335	300	0	4067	0	0	17	20	0	0	0	0	0	1303	2	0	0	276	0	1	8	269	0	0	0	95	0	0	551	8	89	85	35	0	8	0	0	0	5	144	0	0	0	0	37313	0	0	0	7	1908	0	0	0	10	0	0	0	535	819	0	0	0	2	0	4	0	7	1	2	6564	25	0	0	0	0	0	0	0	1	0	17	1	0	0	0	121	0	2161	0	0	1833	0	24	0	2	317	0	0	0	0	0	0	0	0	0	5	12	200	0	0	97	0	0	0	29	0	0	0	0	20	0	15	1172	0	58	99	0	0	0	0	0	0	0	0	0	1226	0	0	0	0	0	0	0	0	267	0	0	82	0	0	0	1	0	0	0	0	0	0	0	0	0	0	0	0	0	0
"Morocco"	0	4187	0	0	0	0	0	0	0	0	0	0	0	0	0	0	0	0	17	0	0	0	0	0	0	0	0	0	10	0	0	0	0	0	0	0	0	0	0	0	0	0	0	0	0	0	4	0	0	0	0	0	0	0	0	0	0	0	2	0	0	0	0	0	0	0	0	0	0	1	5	0	1	2	0	0	0	0	0	0	0	0	0	0	0	0	0	2	93	0	0	0	0	0	0	0	0	0	0	0	0	0	0	0	0	0	0	7	0	46	0	0	0	0	0	0	0	0	0	4	0	0	0	0	42	0	87	0	0	8	5	0	0	0	9	0	0	0	0	0	0	0	0	0	0	0	2	0	0	0	0	0	0	8	0	0	0	0	2	0	0	16	0	0	17	0	0	0	0	0	0	0	0	0	97	0	0	0	0	0	0	0	0	23	0	0	4	1	0	0	8	0	0	0	0	0	0	0	0	0	0	0	0	0	0
"Saudi Arabia"	0	410	0	0	0	0	0	0	0	0	0	0	0	0	0	0	0	0	0	0	0	0	0	0	0	0	0	0	1	0	0	0	0	0	0	0	0	0	0	0	0	0	0	0	0	0	0	0	0	0	0	0	0	0	0	0	0	0	1	0	0	0	0	0	0	0	0	0	0	0	0	0	0	0	0	0	0	0	0	0	0	0	0	0	0	0	0	0	0	0	0	0	0	0	0	0	0	0	0	1	0	0	0	1	0	1	0	0	0	0	0	0	0	0	0	0	1	0	0	0	0	0	0	0	3	0	70	0	0	0	0	0	0	0	28	0	0	0	0	0	0	0	0	0	0	1	0	0	0	0	0	0	0	0	0	0	0	0	2	0	0	16	0	0	0	0	0	0	0	0	0	0	0	0	80	0	0	0	0	0	0	0	0	0	0	0	1	0	0	0	0	0	0	0	0	0	0	0	0	0	0	0	0	0	0
"India"	0	2041	0	0	0	0	0	0	0	0	0	0	0	0	28	0	0	0	827	1	1	0	0	0	0	0	0	0	35	0	0	0	0	0	0	0	0	0	0	0	0	0	0	0	0	0	6	0	0	0	0	0	0	0	0	0	0	0	1	0	0	0	0	0	0	0	0	0	0	0	9	0	0	0	0	0	0	0	0	1	0	0	0	0	1	0	0	3	218	0	0	0	0	0	0	0	0	0	0	0	0	2	0	1	0	2	0	0	0	2	0	0	0	0	0	0	0	0	0	0	1	0	0	0	54	0	10584	0	0	4	1	0	0	1	59	0	0	0	0	0	0	0	0	0	0	0	67	0	0	0	0	0	0	10	0	0	0	0	8	0	1	19	0	0	29	0	0	0	0	0	0	0	0	0	3750	0	0	0	0	0	0	0	0	38	0	0	6	0	0	0	0	0	0	0	0	0	0	0	0	0	0	0	0	0	0
"North Korea"	0	239	0	0	0	0	0	0	0	0	0	0	0	0	0	0	0	0	64	0	0	0	0	0	0	0	0	0	5	0	0	0	0	0	0	0	0	0	0	0	0	0	0	0	0	0	0	0	0	0	0	0	0	0	0	0	0	0	0	0	0	0	0	0	0	0	0	0	0	0	0	0	0	0	0	0	0	0	0	1	0	0	0	0	0	0	0	0	0	0	0	0	0	0	0	0	0	0	0	0	0	0	0	0	0	0	0	0	0	0	0	0	0	0	0	0	0	0	2	0	0	0	0	0	7	0	30	0	0	0	0	0	0	0	8	0	0	0	0	0	0	0	0	0	0	0	7	0	0	0	0	0	0	0	0	0	0	0	0	0	0	20	0	0	0	0	0	0	0	0	0	0	0	0	4	0	0	0	0	0	0	0	0	6	0	0	5	0	0	0	0	0	0	0	0	0	0	0	0	0	0	0	0	0	0
"Mozambique"	0	194	0	0	0	0	0	0	0	0	0	0	0	0	0	0	0	0	1	0	0	0	0	0	0	0	0	0	2	0	0	0	0	0	0	0	0	0	0	0	0	0	0	0	0	0	0	0	0	0	0	0	0	0	0	0	0	0	0	0	0	0	0	0	0	0	0	0	0	0	0	1	0	0	0	0	0	0	0	0	0	0	0	0	0	0	0	0	13	0	0	0	0	0	0	0	0	0	0	0	0	0	0	0	0	1	0	0	0	1	0	0	0	0	0	0	0	0	0	1	0	0	0	0	1	0	1	0	0	0	0	0	0	0	0	0	0	0	0	0	0	0	0	0	0	0	0	0	0	0	0	0	0	1	0	0	0	0	0	0	1	2	0	0	0	0	0	0	0	0	0	0	0	0	1	0	0	0	0	0	0	0	0	5	0	0	5	0	0	0	0	0	0	0	0	0	0	0	0	0	0	0	0	0	0
"Togo"	0	3008	0	0	0	0	0	0	0	0	0	0	0	0	0	0	0	0	50	0	0	0	0	0	3	0	0	0	27	0	0	0	0	0	1	0	0	60	2	0	1	0	0	0	0	1	0	0	0	0	1	0	17	0	0	0	7	0	9	7	23	0	36	0	27	0	0	0	8517	0	24	14	0	0	0	0	0	0	9444	0	0	0	0	0	0	0	0	3	490	1	0	0	2	0	0	0	0	0	0	0	0	0	0	0	0	0	1	0	0	5	0	0	0	0	0	0	0	0	0	0	0	0	0	0	29	0	3404	0	0	84	1	2	0	0	12	0	0	0	0	0	0	0	0	0	0	1	13	0	0	0	0	0	0	7	0	0	0	0	1	1	0	307	0	11	959	0	0	0	0	0	1	0	0	0	259	0	0	0	0	0	0	0	0	381	0	0	78	0	0	0	0	0	0	0	0	0	0	0	0	0	0	0	0	0	0
"Panama"	0	15	0	0	0	0	0	0	0	0	0	0	0	0	0	0	0	0	2	0	0	0	0	0	0	0	0	0	0	0	0	0	0	0	0	0	0	0	0	0	0	0	0	0	0	0	0	0	0	0	0	0	0	0	0	0	0	0	0	0	0	0	0	0	0	0	0	0	0	0	0	0	0	0	0	0	0	0	0	0	0	0	0	0	0	0	0	0	0	0	0	0	0	0	0	0	0	0	0	0	0	0	0	0	0	0	0	0	0	0	0	0	0	0	0	0	0	0	0	0	0	0	0	0	0	0	32	0	0	0	0	0	0	0	0	0	0	0	0	0	0	0	0	0	0	0	0	0	0	0	0	0	0	0	0	0	0	0	0	0	0	0	0	0	0	0	0	0	0	0	0	0	0	0	26	0	0	0	0	0	0	0	0	0	0	0	0	0	0	0	0	0	0	0	0	0	0	0	0	0	0	0	0	0	0
"Bosnia & Herz."	0	28098	0	0	0	27	0	0	0	0	0	0	0	0	8	0	0	0	87	0	3	0	0	0	0	0	0	0	1083	6	0	0	0	0	0	0	11	0	0	0	0	0	0	0	0	0	0	0	0	0	12	0	0	0	0	0	0	0	18	0	0	0	0	0	0	0	0	0	0	0	200	0	0	5	0	21	0	4	0	0	0	0	0	0	0	0	0	6	3613	0	0	0	0	0	1	0	0	0	1	0	0	35	0	0	0	3	0	13	0	34	0	0	0	0	2103	0	0	0	0	4	0	11	0	0	5703	0	114615	0	0	145	0	0	137	0	202	27414	0	0	0	0	0	0	0	0	2	0	2522	0	0	0	0	0	15	115	38	0	0	0	0	0	0	2747	0	0	52	5005	0	0	0	0	0	0	0	0	274	0	0	0	0	0	0	0	0	5548	0	0	3	0	0	0	0	0	0	0	0	0	0	0	0	0	0	0	0	0	0
"Djibouti"	0	5	0	0	0	0	0	0	0	0	0	0	0	0	0	0	0	0	1	0	0	0	0	0	0	0	0	0	0	0	0	0	0	0	0	0	0	0	0	1	0	0	0	0	0	51	0	0	0	0	0	0	0	0	0	0	0	0	0	0	0	0	0	0	0	0	0	0	0	0	0	0	0	1	0	0	0	0	0	0	0	0	0	0	0	0	0	0	65	0	0	0	0	0	0	0	0	0	0	0	0	0	0	0	0	0	0	0	0	0	0	0	0	0	0	0	0	0	0	0	0	0	0	0	8	0	47	0	0	85	0	0	0	0	5	0	0	0	0	0	0	0	0	0	0	6	2	0	0	0	0	0	0	0	0	0	0	0	32	0	0	12	0	0	0	0	0	0	0	0	0	0	0	0	163	0	0	0	0	0	0	0	0	1	0	0	0	0	0	0	0	0	0	0	0	0	0	0	0	0	0	0	0	0	0
"Bulgaria"	0	1169	0	0	0	0	0	0	0	0	0	0	0	0	1	0	0	0	15	0	0	0	0	0	0	0	0	0	8	4	0	0	0	0	0	0	0	0	0	0	0	0	0	0	0	0	0	0	0	0	0	0	0	0	0	0	0	0	0	0	0	0	0	0	0	0	0	0	0	0	8	0	0	0	0	0	0	0	0	0	0	0	0	0	0	0	0	2	80	0	0	0	0	0	0	0	0	0	0	0	0	0	0	0	0	0	0	0	0	1	0	0	0	0	0	0	0	0	0	0	0	25	0	0	31	0	1133	0	0	30	0	0	0	0	1	0	0	0	0	0	0	0	0	0	1	0	1	0	0	4	0	0	0	5	0	0	0	0	7	0	0	18	0	0	0	0	0	0	0	0	0	0	0	0	835	0	0	0	0	0	0	0	0	21	0	0	38	0	0	0	0	0	0	0	0	0	0	0	0	0	0	0	0	0	0
"Estonia"	0	172	0	0	0	0	0	0	0	0	0	0	0	0	2	0	0	0	1	0	0	0	0	0	0	0	0	0	1	0	0	0	0	0	0	0	0	0	0	0	0	0	0	0	0	0	0	0	0	0	0	0	0	0	0	0	0	0	0	0	0	0	0	0	0	0	0	0	0	0	0	0	0	0	0	0	0	0	0	0	0	0	0	0	0	0	0	0	10	0	0	0	0	0	0	0	0	0	0	0	0	0	0	0	0	0	0	0	0	0	0	0	0	0	0	0	0	0	0	0	0	0	0	0	8	0	402	0	0	3	0	0	0	0	0	0	0	0	0	0	0	0	0	0	0	0	1	0	0	0	0	0	0	0	0	0	0	0	0	0	0	5	0	0	0	0	0	0	0	0	0	0	0	0	10	0	0	0	0	0	0	0	0	0	0	0	12	0	0	0	0	0	0	0	0	0	0	0	0	0	0	0	0	0	0
"Thailand"	0	2868	0	0	0	0	0	0	0	0	0	0	0	0	0	0	0	0	4	0	0	0	0	0	0	0	0	0	37	0	0	0	0	0	0	0	0	0	0	0	0	0	0	0	0	0	0	0	0	0	0	0	0	0	0	0	0	0	0	0	0	0	0	0	0	0	0	0	0	0	0	0	0	0	0	0	0	0	0	0	0	0	0	0	0	0	0	0	0	0	0	0	0	0	0	0	0	0	0	0	0	0	0	0	0	0	0	0	0	0	0	0	0	0	0	0	0	0	0	0	0	0	0	0	18	0	15	0	0	0	0	0	0	122	231	0	0	0	0	0	0	0	0	0	0	0	1	0	0	0	0	0	0	0	0	0	0	0	3	0	0	0	0	0	0	0	0	0	0	0	0	0	0	0	24	0	0	0	0	0	0	0	0	0	0	0	2	0	0	0	0	0	0	0	0	0	0	0	0	0	0	0	0	0	0
"Bolivia"	0	76	0	0	0	0	0	1	0	0	0	0	0	0	2	0	0	0	14	0	0	0	0	0	0	0	0	0	0	0	0	0	0	0	0	0	0	0	0	0	0	0	0	0	0	0	0	0	0	0	0	0	0	0	0	0	0	0	0	0	0	0	0	0	0	0	0	0	0	0	6	0	0	0	0	0	0	0	0	1	0	0	0	0	0	0	0	0	29	0	0	0	0	0	0	0	0	0	0	0	0	0	0	0	0	0	0	0	0	0	0	0	0	0	0	0	0	0	0	0	0	0	0	0	50	0	62	0	0	10	0	0	0	0	0	0	0	0	0	0	0	0	0	0	0	0	0	0	0	0	0	0	0	13	0	0	0	0	0	0	0	0	0	0	0	0	0	0	0	0	0	0	0	0	107	0	0	0	0	0	0	0	0	3	0	0	0	0	0	0	0	0	0	0	0	0	0	0	0	0	0	0	0	0	0
"Ukraine"	0	16446	0	0	0	0	0	0	0	0	0	0	0	0	11	0	0	0	492	0	0	0	0	0	0	0	0	0	74	2	0	0	2	0	0	12	0	0	0	0	0	0	0	0	0	0	3	0	0	0	0	0	0	0	0	0	0	0	48	0	0	0	0	0	0	0	0	0	0	0	131	0	0	0	0	0	0	0	0	0	0	0	0	0	0	0	0	11	663	0	0	0	0	0	0	0	0	0	2	0	0	0	0	0	0	0	0	0	0	65	0	0	0	0	0	0	0	0	0	0	0	63	0	0	165	0	43607	0	0	126	2	0	0	0	30	0	0	0	0	0	0	0	0	0	0	0	57	0	0	0	0	0	14	20	12	0	0	0	1	0	0	241	0	0	29	0	0	0	0	0	0	0	0	0	1177	0	0	0	0	0	0	0	0	28	0	0	163	26	0	0	0	0	0	0	0	0	0	0	0	0	0	0	0	0	0
"Venezuela"	0	134	0	0	0	0	0	14	0	0	0	0	0	0	0	0	0	0	4	0	2	0	0	0	0	0	0	0	0	1	0	0	0	0	0	0	0	0	0	0	0	0	0	0	0	0	0	0	0	0	0	0	0	0	0	0	0	0	0	0	0	0	0	0	0	0	0	0	0	0	0	0	0	0	0	0	0	0	0	2	0	0	0	0	0	0	0	0	0	0	0	0	0	0	0	0	0	0	0	0	0	0	0	0	0	0	0	0	0	20	0	0	0	0	0	0	0	0	0	0	0	0	0	0	6	0	3186	0	0	0	0	0	0	0	0	0	0	0	0	0	0	0	0	0	0	0	0	0	0	0	0	0	0	1	0	0	0	0	0	0	0	0	0	0	0	0	0	0	0	0	0	0	0	0	456	0	0	0	0	0	0	0	0	0	0	0	2	0	0	0	0	0	0	0	0	0	0	0	0	0	0	0	0	0	0
"Turkey"	0	175579	0	0	0	0	0	0	0	0	0	0	0	0	6	0	0	16832	9200	0	0	0	3	0	0	0	4	0	169	0	0	0	0	0	0	0	6	0	0	0	0	2	0	0	0	0	328	6	0	0	0	0	0	0	0	0	0	0	69	0	0	0	0	0	0	0	0	0	0	0	584	0	0	61	0	0	0	0	0	3	0	0	0	0	3	0	0	36	10059	0	0	0	0	0	0	0	0	0	0	0	0	91	0	1	0	4	0	0	0	15	0	0	0	0	0	0	10	0	0	0	0	17	0	0	740	0	520	0	0	463	1	0	0	0	257	10	0	0	0	0	0	0	0	0	0	0	56	0	0	0	0	0	59	331	0	0	0	0	26	0	0	1054	0	0	1586	0	0	8	0	0	0	0	0	0	3474	0	0	0	0	0	0	0	0	5516	0	0	20	0	0	0	23	0	0	0	0	0	0	0	0	0	0	0	0	0	0
"Congo"	0	446	0	0	0	1204	1	2	0	0	0	0	0	0	11	0	0	0	868	0	0	0	0	46	0	0	0	10	169	0	1	0	1	0	6	2	0	50	0	0	18	0	0	0	0	0	4	0	0	0	0	0	159	0	0	0	66	0	30	11	488	0	17	0	98	0	0	0	3	0	56	2	0	55	0	0	0	0	252	7	0	0	0	817	0	0	0	9	2570	4	0	0	10	0	0	0	18	60	0	0	0	23	0	0	1	89	2	0	0	28	0	0	0	0	0	0	0	0	0	8	0	0	0	0	214	0	2763	0	0	55	0	5	0	0	649	0	0	0	0	0	0	0	0	0	0	1	99	0	0	56	0	0	0	22	6	0	0	0	101	0	0	684	0	7178	554	0	0	0	0	0	6	0	0	0	400	0	0	0	0	0	0	0	0	75	0	0	18	0	0	0	0	0	0	0	0	0	0	0	0	0	0	0	0	0	0
"Spain"	0	2431	0	0	0	0	0	0	0	0	0	0	0	0	0	0	0	0	0	0	0	0	0	0	0	0	0	0	0	0	0	0	0	0	0	0	0	0	0	0	0	0	0	0	0	0	0	0	0	0	0	0	0	0	0	0	0	0	0	0	0	0	0	0	0	0	0	0	0	0	0	0	0	0	0	0	0	0	0	0	0	0	0	0	0	0	0	0	0	0	0	0	0	0	0	0	0	0	0	0	0	0	0	0	0	0	0	0	0	0	0	0	0	0	0	0	0	0	0	0	0	0	0	0	1	0	6	0	0	3	0	0	0	0	0	0	0	0	0	0	0	0	0	0	0	0	0	0	0	0	0	0	0	0	0	0	0	0	0	0	0	1	0	0	0	0	0	0	0	0	0	0	0	0	2	0	0	0	0	0	0	0	0	0	0	0	0	0	0	0	0	0	0	0	0	0	0	0	0	0	0	0	0	0	0
"El Salvador"	0	24	0	0	0	0	0	0	0	0	0	0	0	0	0	0	0	0	3	161	0	0	0	0	0	0	0	0	71	0	6	69	0	0	0	0	0	0	0	0	0	0	0	0	0	0	0	0	0	0	0	0	0	0	0	0	0	0	0	0	0	0	0	0	0	0	0	0	0	0	0	0	0	0	0	0	0	0	0	1679	0	0	0	0	0	0	0	0	15	0	0	0	0	0	0	0	0	0	269	0	0	0	0	0	0	0	0	0	0	0	0	0	0	0	0	0	0	0	0	3	0	0	0	0	28	444	3098	0	0	2	0	0	0	0	3	0	0	0	0	0	0	0	0	0	0	0	0	0	0	0	0	53	0	0	0	0	0	0	0	0	0	0	0	0	1	0	0	0	0	0	0	0	0	0	459	0	0	0	0	0	0	0	0	0	0	0	0	0	0	0	0	0	0	0	0	0	0	0	0	0	0	0	0	0	0
"Fiji"	0	3	0	0	0	0	0	0	0	0	0	0	0	0	0	0	0	0	0	0	0	0	0	0	0	0	0	0	1	0	0	0	0	0	0	0	0	0	0	0	0	0	0	0	0	0	0	0	0	0	0	0	0	0	0	0	0	0	0	0	0	0	0	0	0	0	0	0	0	0	0	0	0	0	0	0	0	0	0	0	0	0	0	0	0	0	0	0	0	0	0	0	0	0	0	0	0	0	0	0	0	0	0	0	0	0	0	0	0	0	0	0	0	0	0	0	0	0	0	0	0	0	0	0	0	0	1207	0	0	0	0	0	0	0	17	0	0	0	0	0	0	0	0	0	0	0	0	0	0	0	0	0	0	0	0	0	0	0	0	0	0	0	0	0	0	0	0	0	0	0	0	0	0	0	458	0	0	0	0	0	0	0	0	0	0	0	0	0	0	0	0	0	0	0	0	0	0	0	0	0	0	0	0	0	0
"Qatar"	0	41	0	0	0	0	0	0	0	0	0	0	0	0	0	0	0	0	1	0	0	0	0	0	0	0	0	0	0	0	0	0	0	0	0	0	0	0	0	0	0	0	0	0	0	0	0	0	0	0	0	0	0	0	0	0	0	0	0	0	0	0	0	0	0	0	0	0	0	0	0	0	0	0	0	0	0	0	0	0	0	0	0	0	0	0	0	0	0	0	0	0	0	0	0	0	0	0	0	0	0	0	0	0	0	0	0	0	0	0	0	0	0	0	0	0	0	0	0	0	0	0	0	0	0	0	8	0	0	0	0	0	0	0	0	0	0	0	0	0	0	0	0	0	0	0	0	0	0	0	0	0	0	0	0	0	0	0	0	0	0	0	0	0	0	0	0	0	0	0	0	0	0	0	2	0	0	0	0	0	0	0	0	0	0	0	0	0	0	0	0	0	0	0	0	0	0	0	0	0	0	0	0	0	0
"Trinidad & Tobago"	0	28	0	0	0	0	0	0	0	0	0	0	0	0	0	0	0	0	1	0	0	0	0	0	0	0	0	0	0	0	0	0	0	0	0	0	0	0	0	0	0	0	0	0	0	0	0	0	0	0	0	0	0	0	0	0	0	0	0	0	0	0	0	0	0	0	0	0	0	0	0	0	0	0	0	0	0	0	0	0	0	0	0	0	0	0	0	0	0	0	0	0	0	0	0	0	0	0	0	0	0	0	0	0	0	0	0	0	0	0	0	0	0	0	0	0	0	0	0	0	0	0	0	0	0	0	33	0	0	0	0	0	0	0	0	0	0	0	0	0	0	0	0	0	0	0	0	0	0	0	0	0	0	0	0	0	0	0	0	0	0	0	0	0	0	0	0	0	0	0	0	0	0	0	91	0	0	0	0	0	0	0	0	0	0	0	0	0	0	0	0	0	0	0	0	0	0	0	0	0	0	0	0	0	0
"Croatia"	0	1574	0	0	0	0	0	0	0	0	0	0	0	0	0	0	0	0	62	0	3	0	0	0	0	0	0	0	1336	0	0	0	0	0	0	0	0	0	0	0	0	0	0	0	0	0	1	0	0	0	0	0	0	0	0	0	0	0	2	0	0	0	0	0	0	0	0	0	0	0	17	0	0	0	0	0	0	0	0	0	0	0	0	0	0	0	0	0	66	0	0	0	0	0	0	0	0	0	3	7269	0	0	0	0	0	0	0	0	0	0	0	0	0	0	0	0	0	0	0	5	0	3	0	0	1996	0	6520	0	0	10	2	0	0	0	521	71111	0	0	0	0	0	0	0	0	0	0	13	0	0	0	0	0	0	155	0	0	0	0	0	0	0	619	0	0	4	1921	0	0	0	0	0	0	0	0	160	0	0	0	0	0	0	0	0	76	0	0	295	23	0	0	0	0	0	0	0	0	0	0	0	0	0	0	0	0	0
"Samoa"	0	3	0	0	0	0	0	0	0	0	0	0	0	0	0	0	0	0	0	0	0	0	0	0	0	0	0	0	0	0	0	0	0	0	0	0	0	0	0	0	0	0	0	0	0	0	0	0	0	0	0	0	0	0	0	0	0	0	0	0	0	0	0	0	0	0	0	0	0	0	0	0	0	0	0	0	0	0	0	0	0	0	0	0	0	0	0	0	0	0	0	0	0	0	0	0	0	0	0	0	0	0	0	0	0	0	0	0	0	0	0	0	0	0	0	0	0	0	0	0	0	0	0	0	0	0	0	0	0	0	0	0	0	0	0	0	0	0	0	0	0	0	0	0	0	0	0	0	0	0	0	0	0	0	0	0	0	0	0	0	0	0	0	0	0	0	0	0	0	0	0	0	0	0	0	0	0	0	0	0	0	0	0	0	0	0	0	0	0	0	0	0	0	0	0	0	0	0	0	0	0	0	0	0	0
"Lebanon"	0	9336	0	0	0	0	0	0	0	0	0	0	0	0	4	0	0	0	100	0	0	0	14	0	0	0	0	0	37	0	0	0	5	0	0	0	5	0	0	0	0	0	0	0	0	0	42	0	0	0	5	0	0	0	0	0	0	0	5	0	0	0	0	0	0	0	0	0	0	0	10	0	0	7	0	0	0	0	0	2	0	0	0	0	1	0	0	4	84	0	0	0	0	0	0	0	0	0	0	0	0	23	0	0	0	4	0	0	0	1	0	0	0	0	0	0	0	0	0	27	0	0	0	0	440	0	674	0	0	14	1	0	0	5	307	0	0	0	0	0	0	0	0	0	0	0	145	0	0	0	0	0	16	4	0	0	0	0	8	0	0	139	0	0	54	0	0	0	0	0	0	0	0	0	684	0	0	0	0	0	0	0	0	32	0	0	12	1	0	0	0	0	0	0	0	0	0	0	0	0	0	0	0	0	0
"Gambia"	0	137	0	0	0	0	0	0	0	0	0	0	0	0	0	0	0	0	200	0	0	0	0	0	0	0	0	0	1	0	0	0	0	0	0	0	0	0	0	0	14	0	0	0	0	0	0	0	0	0	0	0	0	0	0	0	0	0	0	0	0	0	0	0	0	0	0	0	0	0	19	0	0	0	0	0	0	0	0	0	0	0	0	0	0	0	0	0	45	0	0	0	0	0	0	0	0	0	0	0	0	0	0	0	0	0	0	0	0	11	0	0	0	0	0	0	0	0	0	1	0	0	0	0	18	0	721	0	0	0	0	0	0	0	0	0	0	0	0	0	0	0	0	0	0	0	0	0	0	0	0	0	0	1	0	0	0	0	0	0	1	6	0	0	26	0	0	0	0	0	0	0	0	0	31	0	0	0	0	0	0	0	0	16	0	0	6	0	0	0	0	0	0	0	0	0	0	0	0	0	0	0	0	0	0
"Kyrgyzstan"	0	868	0	1	0	18	0	0	0	0	0	0	0	0	3	0	0	0	6	0	0	3	0	0	0	0	0	0	12	0	0	0	0	0	0	0	0	0	0	0	0	0	0	0	0	0	0	0	0	0	0	0	0	0	0	0	0	0	0	0	0	0	0	0	0	0	0	0	0	0	87	0	0	0	0	0	0	0	0	0	0	0	0	0	4	0	0	0	110	0	0	0	0	0	0	0	0	0	0	0	0	0	0	0	0	0	0	0	0	3	0	0	0	0	0	0	0	0	0	0	0	17	0	0	102	0	870	0	0	36	0	0	0	0	17	0	0	0	0	0	0	0	0	0	0	0	0	0	0	0	0	0	3	8	0	0	0	0	4	0	0	55	0	0	1	0	0	0	0	0	0	0	0	0	244	0	0	0	0	0	0	0	0	2	0	0	14	0	0	0	0	0	0	0	0	0	0	0	0	0	0	0	0	0	0
"Brazil"	0	135	0	0	0	0	0	0	0	0	0	0	0	0	0	0	0	0	1	0	0	0	0	0	0	0	0	0	0	0	0	0	0	0	0	0	0	0	0	0	0	0	0	0	0	0	0	0	0	0	0	0	0	0	0	0	0	0	0	0	0	0	0	0	0	0	0	0	0	0	0	0	0	0	0	0	0	0	0	0	0	0	0	0	0	0	0	0	7	0	0	0	0	0	0	0	0	0	0	0	0	0	0	0	0	0	0	0	0	0	0	0	0	0	0	0	0	0	0	0	0	0	0	0	1	0	436	0	0	0	0	0	0	0	6	0	0	0	0	0	0	0	0	0	0	0	0	0	0	0	0	0	0	0	0	0	0	0	1	0	0	3	0	0	0	0	0	0	0	0	0	0	0	0	110	0	0	0	0	0	0	0	0	5	0	0	2	0	0	0	0	0	0	0	0	0	0	0	0	0	0	0	0	0	0
"Belarus"	0	1525	0	0	0	0	0	0	0	0	0	0	0	0	1	0	0	0	30	0	0	0	0	0	0	0	0	0	49	0	0	0	0	0	0	1	0	0	0	0	0	0	0	0	0	0	0	0	0	0	0	0	0	0	0	0	0	0	3	0	0	0	0	0	0	0	0	0	0	0	24	0	0	0	0	0	0	0	0	0	0	0	0	0	0	0	0	121	354	0	0	0	0	0	0	0	0	0	0	0	0	1	0	0	0	3	0	0	0	37	0	0	0	0	0	0	0	0	0	0	0	227	0	0	138	0	6258	0	0	170	0	0	0	0	7	0	0	0	4	0	0	0	0	0	0	0	38	0	0	0	0	0	0	38	0	0	0	0	1	0	8	75	0	0	2	0	0	0	0	0	0	0	0	0	201	0	0	0	0	0	0	0	0	15	0	0	39	1	0	0	0	0	0	0	0	0	0	0	0	0	0	0	0	0	0
"Czech Rep."	0	1605	0	0	0	0	0	0	0	0	0	0	0	0	0	0	0	0	120	0	0	0	0	0	0	0	0	0	0	3	0	0	0	0	0	0	0	0	0	0	0	0	0	0	0	2	0	0	0	0	0	0	0	0	0	0	0	0	0	0	0	0	0	0	0	0	0	0	0	0	3	0	0	0	0	0	0	0	0	0	0	0	0	0	0	0	0	0	28	0	0	0	0	0	0	0	0	0	0	0	0	0	0	0	0	0	0	0	0	0	0	0	0	0	0	0	0	0	0	0	0	0	0	0	1	0	34	0	0	16	0	0	0	0	4	0	0	0	0	0	0	0	0	0	0	0	0	0	0	0	0	0	0	2	0	0	0	0	59	0	0	21	0	0	0	0	0	0	0	0	0	0	0	0	113	0	0	0	0	0	0	0	0	2	0	0	125	0	0	0	0	0	0	0	0	0	0	0	0	0	0	0	0	0	0
"Laos"	0	151	0	0	0	0	0	0	0	0	0	0	0	0	1333	0	0	0	0	0	0	0	0	0	0	0	0	0	2	0	0	0	0	0	0	0	0	0	0	0	0	0	0	0	0	0	0	0	0	0	0	0	0	0	0	0	0	0	0	0	0	0	0	0	0	0	0	0	0	0	1	0	0	0	0	0	0	0	0	0	0	0	0	0	0	0	0	3	7599	0	0	0	0	0	1	0	0	0	0	0	0	0	0	354	0	1	0	0	0	0	0	0	0	0	0	0	0	0	0	0	0	0	0	0	34	0	16684	0	0	30	0	0	0	0	63	0	0	0	0	0	0	0	0	0	0	0	0	0	0	0	0	0	0	0	0	0	0	0	5	0	0	0	0	0	0	0	0	0	0	0	0	0	0	0	4	0	0	0	0	0	0	0	0	182	0	0	0	0	0	0	0	0	0	0	0	0	0	0	0	0	0	0	0	0	0
"Dominica"	0	9	0	0	0	0	0	0	0	0	0	0	0	0	0	0	0	0	0	0	0	0	0	0	0	0	0	0	0	0	0	0	0	0	0	0	0	0	0	0	0	0	0	0	0	0	0	0	0	0	0	0	0	0	0	0	0	0	0	0	0	0	0	0	0	0	0	0	0	0	0	0	0	0	0	0	0	0	0	0	0	0	0	0	0	0	0	0	0	0	0	0	0	0	0	0	0	0	0	0	0	0	0	0	0	0	0	0	0	0	0	0	0	0	0	0	0	0	0	0	0	0	0	0	0	0	7	0	0	0	0	0	0	0	0	0	0	0	0	0	0	0	0	0	0	0	0	0	0	0	0	0	0	0	0	0	0	0	0	0	0	0	0	0	0	0	0	0	0	0	0	0	0	0	33	0	0	0	0	0	0	0	0	0	0	0	0	0	0	0	0	0	0	0	0	0	0	0	0	0	0	0	0	0	0
"Sweden"	0	5	0	0	0	0	0	0	0	0	0	0	0	0	0	0	0	0	0	0	0	0	0	0	0	0	0	0	0	0	0	0	0	0	0	0	0	0	0	0	0	0	0	0	0	0	0	0	0	0	0	0	0	0	0	0	0	0	0	0	0	0	0	0	0	0	0	0	0	0	0	0	0	0	0	0	0	0	0	0	0	0	0	0	0	0	0	0	0	0	0	0	0	0	0	0	0	0	0	0	0	0	0	0	0	0	0	0	0	0	0	0	0	0	0	0	0	0	0	0	0	0	0	0	0	0	4	0	0	0	0	0	0	0	0	0	0	0	0	0	0	0	0	0	0	0	0	0	0	0	0	0	0	0	0	0	0	0	0	0	0	1	0	0	0	0	0	0	0	0	0	0	0	0	6	0	0	0	0	0	0	0	0	0	0	0	0	0	0	0	0	0	0	0	0	0	0	0	0	0	0	0	0	0	0
"Belize"	0	3	0	0	0	0	0	0	0	0	0	0	0	0	0	0	0	0	0	0	0	0	0	0	0	0	0	0	0	0	0	0	0	0	0	0	0	0	0	0	0	0	0	0	0	0	0	0	0	0	0	0	0	0	0	0	0	0	0	0	0	0	0	0	0	0	0	0	0	0	0	0	0	0	0	0	0	0	0	0	0	0	0	0	0	0	0	0	0	0	0	0	0	0	0	0	0	0	0	0	0	0	0	0	0	0	0	0	0	0	0	0	0	0	0	0	0	0	0	0	0	0	0	0	0	0	13	0	0	0	0	0	0	0	0	0	0	0	0	0	0	0	0	0	0	0	0	0	0	0	0	0	0	0	0	0	0	0	0	0	0	1	0	0	0	0	0	0	0	0	0	0	0	0	1	0	0	0	0	0	0	0	0	0	0	0	0	0	0	0	0	0	0	0	0	0	0	0	0	0	0	0	0	0	0
"United States"	0	349	0	0	0	0	0	0	0	0	0	0	0	0	0	0	0	0	0	0	0	0	0	0	0	0	0	0	0	0	0	0	0	0	0	0	0	0	0	0	0	0	0	0	0	0	0	0	0	0	0	0	0	0	0	0	0	0	0	0	0	0	0	0	0	0	0	0	0	0	1	0	0	0	0	0	0	0	0	0	0	0	0	0	0	0	0	0	0	0	0	0	0	0	0	0	0	0	1	0	0	0	0	0	0	0	0	0	0	0	0	0	0	0	0	0	0	0	0	1	0	0	0	0	18	0	0	0	0	0	0	0	0	0	3	0	0	0	0	0	0	0	0	0	0	0	1	0	0	0	0	0	0	0	0	0	0	0	0	0	0	5	0	0	0	0	0	0	0	0	0	0	0	0	976	0	0	0	0	0	0	0	0	1	0	0	0	0	0	0	0	0	0	0	0	0	0	0	0	0	0	0	0	0	0
"Equatorial Guinea"	0	15	0	0	0	0	0	0	0	0	0	0	0	0	0	0	0	0	1	0	0	0	0	0	0	0	0	0	0	0	0	0	0	0	0	0	0	0	0	0	0	0	0	3	0	0	0	0	0	0	0	0	44	0	0	0	0	0	0	0	0	0	0	0	0	0	0	0	0	0	0	4	0	0	0	0	0	0	7	0	0	0	0	0	0	0	0	0	30	0	0	0	0	0	0	0	0	0	0	0	0	0	0	0	0	0	0	0	0	262	0	0	0	0	0	0	0	0	0	0	0	0	0	0	22	0	42	0	0	0	0	0	0	0	0	0	0	0	0	0	0	0	0	0	0	0	0	0	0	0	0	0	0	0	0	0	0	0	0	0	0	1	0	22	0	0	0	0	0	0	0	0	0	0	7	0	0	0	0	0	0	0	0	1	0	0	0	0	0	0	0	0	0	0	0	0	0	0	0	0	0	0	0	0	0
"Turkmenistan"	0	182	0	0	0	0	0	0	0	0	0	0	0	0	0	0	0	0	24	0	0	0	0	0	0	0	0	0	22	0	0	0	0	0	0	0	0	0	0	0	0	0	0	0	0	0	0	0	0	0	0	0	0	0	0	0	0	0	0	0	0	0	0	0	0	0	0	0	0	0	12	0	0	0	0	0	0	0	0	0	0	0	0	0	1	0	0	0	0	0	0	0	0	0	0	0	0	0	0	0	0	1	0	0	0	4	0	0	0	0	0	0	0	0	0	0	0	0	2	0	1	5	0	0	72	0	266	0	0	0	0	0	0	0	0	0	0	0	0	0	0	0	0	0	0	0	0	0	0	0	0	0	0	4	0	0	0	3	0	0	0	33	0	0	0	0	0	0	0	0	0	0	0	0	51	0	0	0	0	0	0	0	0	8	0	0	1	0	0	0	0	0	0	0	0	0	0	0	0	0	0	0	0	0	0
"Belgium"	0	9	0	0	0	0	0	0	0	0	0	0	0	0	0	0	0	0	0	0	0	0	0	0	0	0	0	0	3	0	0	0	0	0	0	0	0	0	0	0	0	0	0	0	0	0	0	0	0	0	0	0	0	0	0	0	0	0	0	0	0	0	0	0	0	0	0	0	0	0	0	0	0	0	0	0	0	0	0	0	0	0	0	0	0	0	0	0	0	0	0	0	0	0	0	0	0	0	0	0	0	0	0	0	0	0	0	0	0	0	0	0	0	0	0	0	0	0	0	0	0	0	0	0	14	0	20	0	0	0	0	0	0	0	0	0	0	0	0	0	0	0	0	0	0	0	0	0	0	0	0	0	0	0	0	0	0	0	0	0	0	1	0	0	0	0	0	0	0	0	0	0	0	0	1	0	0	0	0	0	0	0	0	0	0	0	16	0	0	0	0	0	0	0	0	0	0	0	0	0	0	0	0	0	0
"Ecuador"	0	73	0	0	0	0	0	2	0	0	0	0	0	0	0	0	0	0	355	0	8	0	0	0	0	0	0	0	3	2	0	0	0	0	0	0	0	0	0	0	0	0	0	0	0	0	0	0	0	0	0	0	0	0	0	0	0	0	1	0	0	0	0	0	0	0	0	0	0	0	0	0	0	0	0	0	0	0	0	1	0	0	0	0	0	0	0	0	33	0	0	0	0	0	0	0	0	0	0	0	0	0	0	0	2	0	1	0	0	11	0	0	0	0	0	0	0	0	0	10	0	0	0	0	85	0	130	0	0	2	0	0	0	0	7	0	0	0	0	0	0	0	0	0	0	0	0	0	0	0	0	0	0	0	0	0	0	0	0	0	0	3	0	0	2	0	0	0	0	0	0	0	0	0	145	0	0	0	0	0	0	0	0	11	0	0	0	0	0	0	0	0	0	0	0	0	0	0	0	0	0	0	0	0	0
"Niger"	0	93	0	0	1	0	0	0	0	0	0	0	0	0	1	0	0	0	2	0	0	0	0	0	0	0	0	0	22	0	0	0	0	0	0	0	0	0	0	0	0	0	0	0	0	0	0	0	0	0	0	0	0	0	0	0	1	0	0	0	2	0	0	0	0	0	0	0	0	0	1	0	0	1	0	0	0	0	0	0	0	0	0	0	0	0	0	0	31	0	0	0	1	0	0	0	0	0	0	0	0	0	0	0	0	0	0	0	0	0	0	0	0	0	0	0	0	0	0	0	0	0	0	0	2	0	511	0	0	12	1	0	0	0	0	0	0	0	0	0	0	0	0	0	0	0	0	0	0	0	0	0	0	0	0	0	0	0	0	0	0	75	0	1	12	0	0	0	0	0	0	0	0	0	37	0	0	0	0	0	0	0	0	7	0	0	4	0	0	0	0	0	0	0	0	0	0	0	0	0	0	0	0	0	0
"Slovenia"	0	1734	0	0	0	0	0	0	0	0	0	0	0	0	0	0	0	0	0	0	0	0	0	0	0	0	0	0	0	0	0	0	0	0	0	0	0	0	0	0	0	0	0	0	0	0	0	0	0	0	0	0	0	0	0	0	0	0	0	0	0	0	0	0	0	0	0	0	0	0	0	0	0	0	0	0	0	0	0	0	0	0	0	0	0	0	0	0	0	0	0	0	0	0	0	0	0	0	0	0	0	0	0	0	0	0	0	0	0	1	0	0	0	0	0	0	0	0	0	1	0	0	0	0	2	0	14	0	0	0	0	0	0	0	0	0	0	0	0	0	0	0	0	0	0	0	0	0	0	0	0	0	0	0	0	0	0	0	0	0	0	0	0	0	0	0	0	0	0	0	0	0	0	0	3	0	0	0	0	0	0	0	0	2	0	0	0	0	0	0	3	0	0	0	0	0	0	0	0	0	0	0	0	0	0
"Malaysia"	0	192	0	0	0	0	0	0	0	0	0	0	0	0	0	0	0	0	1	0	0	0	0	0	0	0	0	0	7	0	0	0	0	0	0	0	0	0	0	0	0	0	0	0	0	0	0	0	0	0	0	0	0	0	0	0	0	0	0	0	0	0	0	0	0	0	0	0	0	0	0	0	0	0	0	0	0	0	0	0	0	0	0	0	0	0	0	0	0	0	0	0	0	0	0	0	0	0	0	0	0	0	0	0	0	0	0	0	0	0	0	0	0	0	0	0	0	0	0	0	0	0	0	0	13	0	156	0	0	0	0	0	0	0	14	0	0	0	0	0	0	0	0	0	0	0	1	0	0	0	0	0	0	0	0	0	0	0	2	0	0	2	0	0	0	0	0	0	0	0	0	0	0	0	194	0	0	0	0	0	0	0	0	2	0	0	0	0	0	0	0	0	0	0	0	0	0	0	0	0	0	0	0	0	0
"Australia"	0	24	0	0	0	0	0	0	0	0	0	0	0	0	0	0	0	0	0	0	0	0	0	0	0	0	0	0	0	0	0	0	0	0	0	0	0	0	0	0	0	0	0	0	0	0	1	0	0	0	0	0	0	0	0	0	0	0	0	0	0	0	0	0	0	0	0	0	0	0	0	0	0	0	0	0	0	0	0	0	0	0	0	0	0	0	0	0	0	0	0	0	0	0	0	0	0	0	0	0	0	0	0	0	0	0	0	0	0	0	0	0	0	0	0	0	0	0	0	0	0	0	0	0	0	0	1	0	0	0	0	0	0	0	0	0	0	0	0	0	0	0	0	0	0	0	0	0	0	0	0	0	0	0	0	0	0	0	0	0	0	0	0	0	0	0	0	0	0	0	0	0	0	0	3	0	0	0	0	0	0	0	0	0	0	0	0	0	0	0	0	0	0	0	0	0	0	0	0	0	0	0	0	0	0
"Serbia"	0	75211	0	0	0	34	0	7	0	0	0	0	0	0	9	0	0	0	18331	0	12	0	0	0	0	0	0	0	3431	108	0	0	0	0	0	0	1	0	0	0	0	0	0	0	0	0	30	40	0	0	0	0	0	0	0	0	0	0	2359	0	0	0	0	0	0	0	0	0	0	0	5485	0	0	390	0	1218	0	0	0	5	0	0	0	0	0	0	0	13	7334	0	0	0	0	0	0	0	0	0	2	3032	0	118	0	0	0	4	5	44	0	81	0	0	0	0	339	0	0	0	0	69	0	64	0	0	12000	0	19116	0	0	1606	0	0	68	0	2432	0	0	0	0	0	0	0	0	0	0	8	3075	0	0	0	0	0	40	1321	23	0	0	0	5	0	2	2634	0	0	2721	0	0	0	0	0	0	0	0	0	546	0	0	0	0	0	0	0	0	9827	0	0	376	157	0	0	42	0	0	0	0	0	0	0	0	0	0	0	0	0	0
"Tajikistan"	0	98	0	1	0	0	0	0	0	0	0	0	0	0	0	0	0	0	0	0	0	0	0	0	0	0	3	0	32	0	0	0	13	0	0	0	0	0	0	0	0	0	0	0	0	0	0	0	0	0	0	0	0	0	0	3	0	0	0	0	0	0	0	0	0	0	0	0	0	0	42	0	0	0	0	0	0	0	0	0	0	0	0	0	4	0	0	0	27	0	0	0	0	0	0	0	0	0	0	0	0	0	0	0	0	14	0	0	0	0	0	0	0	0	0	0	0	0	0	0	20	0	0	0	41	0	137	0	0	0	0	0	0	0	1	0	0	0	0	0	0	0	0	0	0	0	6	0	0	0	0	0	1	17	0	0	0	0	0	0	0	63	0	0	3	0	0	0	0	0	0	0	0	0	113	0	0	0	0	0	0	0	0	2	0	0	4	0	0	0	0	0	0	0	0	0	0	0	0	0	0	0	0	0	0
"Tibetans"	0	0	0	0	0	0	0	0	0	0	0	0	0	0	0	0	0	0	0	0	0	0	0	0	0	0	0	0	0	0	0	0	0	0	0	0	0	0	0	0	0	0	0	0	0	0	0	0	0	0	0	0	0	0	0	0	0	0	0	0	0	0	0	0	0	0	20153	0	0	0	0	0	0	0	0	0	0	0	0	0	0	0	0	0	0	0	0	0	0	0	0	0	0	0	0	0	0	0	0	0	0	0	0	0	0	0	0	0	0	0	0	0	0	0	0	0	0	0	0	0	0	0	0	0	0	0	0	0	0	16	0	0	0	0	15	0	0	0	0	0	0	0	0	0	0	0	0	0	0	0	0	0	0	0	0	0	0	0	0	0	0	0	0	0	0	0	0	0	0	0	0	0	0	0	0	0	0	0	0	0	0	0	0	0	0	0	0	0	0	0	0	0	0	0	0	0	0	0	0	0	0	0	0	0	0
"Latvia"	0	537	0	0	0	0	0	0	0	0	0	0	0	0	2	0	0	0	1	0	0	0	0	0	0	0	0	0	0	0	0	0	0	0	0	5	0	0	0	0	0	0	0	0	0	0	0	0	0	0	0	0	0	0	0	0	0	0	0	0	0	0	0	0	0	0	0	0	0	0	0	0	0	0	0	0	0	0	0	0	0	0	0	0	0	0	0	0	46	0	0	0	0	0	0	0	0	0	0	0	0	0	0	0	0	0	0	0	0	4	0	0	0	0	0	0	0	0	0	0	0	0	0	0	7	0	717	0	0	18	0	0	0	0	5	0	0	0	0	0	0	0	0	0	0	0	0	0	0	0	0	0	0	9	0	0	0	0	0	0	0	7	0	0	0	0	0	0	0	0	0	0	0	0	35	0	0	0	0	0	0	0	0	4	0	0	23	0	0	0	4	0	0	0	0	0	0	0	0	0	0	0	0	0	0
"Madagascar"	0	23	0	0	0	0	0	0	0	0	0	0	0	0	0	0	0	0	0	0	0	0	0	0	0	0	0	0	0	0	0	0	0	0	0	0	0	0	0	0	0	0	0	0	0	0	0	0	0	0	0	0	0	0	0	0	0	0	1	0	0	0	0	0	0	0	0	0	0	0	2	0	0	0	0	0	0	0	0	0	0	0	0	0	0	0	0	0	194	0	0	0	0	0	0	0	1	0	0	0	0	0	0	0	0	1	0	0	0	0	0	0	0	0	0	0	0	0	0	0	0	0	0	0	0	0	18	0	0	4	0	0	0	0	0	0	0	0	0	0	0	0	0	0	0	0	0	0	0	0	0	0	0	0	0	0	0	0	3	0	0	0	0	0	0	0	0	0	0	0	0	0	0	0	9	0	0	0	0	0	0	0	0	4	0	0	0	0	0	0	0	0	0	0	0	0	0	0	0	0	0	0	0	0	0
"Myanmar"	0	487	0	0	6	0	0	0	0	4	0	0	0	0	0	0	0	0	196	0	0	0	0	0	1	0	25	0	1223	0	1	0	0	0	0	0	0	0	0	0	0	0	0	0	0	0	8	0	0	0	0	0	0	21	0	0	0	0	0	0	0	0	0	26268	0	0	11	0	0	0	0	0	19	0	0	0	0	0	0	14	0	0	0	0	0	0	0	2	117	0	0	0	0	0	1812	0	0	0	0	0	0	0	0	132241	0	0	0	0	0	1	0	0	0	0	0	0	0	0	0	0	0	0	0	0	867	0	11639	0	0	4	0	0	0	21544	2558	0	0	0	0	0	0	0	0	0	0	2	686	0	0	0	0	0	0	388	0	0	0	0	485	0	3	473	0	0	1	0	0	269	0	0	1	0	0	0	1429	0	0	0	0	0	0	0	0	12	1	0	4	1	0	0	0	0	0	0	0	0	0	0	0	0	0	0	0	0	0
"Dominican Rep."	0	56	0	0	0	0	0	0	0	0	0	0	0	0	0	0	0	0	0	0	0	0	0	0	0	0	0	0	0	0	0	0	0	0	0	0	0	0	0	0	0	0	0	0	0	0	0	0	0	0	0	0	0	0	0	0	0	0	0	0	0	0	0	0	0	0	0	0	0	0	0	0	0	0	0	0	0	0	0	0	0	0	0	0	0	0	0	0	0	0	0	0	0	0	0	0	0	0	0	0	0	0	0	0	0	0	0	0	0	0	0	0	0	0	0	0	0	0	0	2	0	0	0	0	1	0	22	0	0	1	0	0	0	0	0	0	0	0	0	0	0	0	0	0	0	0	0	0	0	0	0	1	0	0	0	0	0	0	2	0	0	0	0	0	0	0	0	0	0	0	0	0	0	0	63	0	0	0	0	0	0	0	0	2	0	0	0	0	0	0	0	0	0	0	0	0	0	0	0	0	0	0	0	0	0
"Bhutan"	0	73	0	0	0	0	0	0	0	0	0	0	0	0	0	0	0	0	23	0	0	0	0	0	0	0	0	0	13	0	0	0	0	0	0	0	0	0	0	0	0	0	0	0	0	0	0	0	0	0	0	0	0	0	0	0	0	0	0	0	0	0	0	0	0	0	107803	0	0	0	0	0	0	0	0	0	0	0	0	0	0	0	0	0	0	0	0	0	20	0	0	0	0	0	0	0	0	0	0	0	0	0	0	0	0	0	0	0	0	1	0	0	0	0	0	0	0	0	0	0	0	0	0	0	3	0	77	0	0	2	0	0	0	0	1	0	0	0	0	0	0	0	0	0	0	0	5	0	0	0	0	0	0	0	0	0	0	0	0	0	0	33	0	0	0	0	0	0	0	0	0	0	0	0	10	0	0	0	0	0	0	0	0	1	0	0	8	0	0	0	0	0	0	0	0	0	0	0	0	0	0	0	0	0	0
"Solomon Islands"	0	0	0	0	0	0	0	0	0	0	0	0	0	0	0	0	0	0	0	0	0	0	0	0	0	0	0	0	0	0	0	0	0	0	0	0	0	0	0	0	0	0	0	0	0	0	0	0	0	0	0	0	0	0	0	0	0	0	0	0	0	0	0	0	0	0	0	0	0	0	0	0	0	0	0	0	0	0	0	0	0	0	0	0	0	0	0	0	0	0	0	0	0	0	0	0	0	0	0	0	0	0	0	0	0	0	0	0	0	0	0	0	0	0	0	0	0	0	0	0	0	0	0	0	0	0	0	0	0	0	0	0	0	0	27	0	0	0	0	0	0	0	0	0	0	0	0	0	0	0	0	0	0	0	0	0	0	0	1	0	0	0	0	0	0	0	0	0	0	0	0	0	0	0	10	0	0	0	0	0	0	0	0	0	0	0	0	0	0	0	0	0	0	0	0	0	0	0	0	0	0	0	0	0	0
"Tunisia"	0	1207	0	0	0	0	0	0	0	0	0	0	0	0	0	0	0	0	18	0	0	0	0	0	0	0	0	0	23	0	0	0	0	0	0	0	3	0	0	0	0	0	0	0	0	0	1	0	0	0	0	0	0	0	0	0	0	0	2	0	2	0	0	0	0	0	0	0	0	0	34	0	0	2	0	0	0	0	0	0	0	0	0	0	0	0	0	1	326	0	0	0	3	6	0	0	0	0	0	1	0	12	0	0	0	0	0	1	0	25	0	0	0	0	0	0	15	0	0	0	0	0	0	0	67	0	38	0	0	13	0	0	0	4	8	0	0	0	0	0	0	0	0	0	0	1	37	0	0	0	0	0	0	0	0	0	0	0	2	0	0	83	0	0	68	0	0	0	0	0	0	0	0	0	129	0	0	0	0	0	0	0	0	697	0	0	6	1	0	0	8	0	0	0	0	0	0	0	0	0	0	0	0	0	0
"Egypt"	0	618	0	0	0	0	0	0	0	0	0	0	0	0	0	0	0	0	17	0	0	0	0	0	0	0	0	0	15	0	0	0	0	0	0	0	6	0	0	0	0	0	0	0	0	0	2	0	0	0	6	0	0	0	0	0	0	0	4	0	0	0	0	0	0	0	1	0	0	0	30	0	2	10	0	0	0	0	0	0	0	0	0	0	3	0	0	0	96	0	0	0	0	0	0	0	0	0	0	0	0	2	0	2	0	4	0	3	0	10	0	0	0	0	0	0	7	0	0	4	0	0	0	0	100	0	4546	0	0	1	0	0	0	0	975	0	0	0	0	0	0	0	0	0	0	0	19	0	0	0	0	0	19	5	2	0	0	0	8	0	1	26	0	0	7	0	0	0	0	0	0	0	0	0	1004	0	0	0	0	0	0	0	0	31	0	0	24	0	0	0	3	0	0	0	0	0	0	0	0	0	0	0	0	0	0
"Denmark"	0	5	0	0	0	0	0	0	0	0	0	0	0	0	0	0	0	0	0	0	0	0	0	0	0	0	0	0	0	0	0	0	0	0	0	0	0	0	0	0	0	0	0	0	0	0	0	0	0	0	0	0	0	0	0	0	0	0	0	0	0	0	0	0	0	0	0	0	0	0	0	0	0	0	0	0	0	0	0	0	0	0	0	0	0	0	0	0	0	0	0	0	0	0	0	0	0	0	0	0	0	0	0	0	0	0	0	0	0	0	0	0	0	0	0	0	0	0	0	0	0	0	0	0	1	0	4	0	0	0	0	0	0	0	2	0	0	0	0	0	0	0	0	0	0	0	0	0	0	0	0	0	0	0	0	0	0	0	0	0	0	0	0	0	0	0	0	0	0	0	0	0	0	0	0	0	0	0	0	0	0	0	0	0	0	0	0	0	0	0	0	0	0	0	0	0	0	0	0	0	0	0	0	0	0
"Haiti"	0	41	0	0	0	0	0	0	0	0	0	0	0	0	23	0	0	0	0	0	5	0	0	0	0	0	0	0	1	1	1	0	0	0	0	0	0	0	0	0	0	0	0	0	0	0	0	0	0	0	0	0	0	0	0	0	0	0	0	0	0	9	0	0	0	0	0	0	0	0	0	0	0	0	0	0	0	0	0	32	0	0	0	0	0	0	0	0	2710	0	0	0	0	0	0	0	0	0	10	0	0	0	0	0	0	0	14	0	0	4	0	0	0	0	0	0	0	0	0	1	0	0	0	0	0	0	17171	0	0	6	14	0	0	0	6	0	0	0	0	0	0	0	0	0	0	0	0	0	0	0	0	3	0	0	0	0	0	0	0	0	0	2	0	0	0	0	0	0	0	0	0	0	0	0	783	0	0	0	0	0	0	0	0	0	0	0	0	0	0	0	0	0	0	0	0	0	0	0	0	0	0	0	0	0	0
"Guyana"	0	8	0	0	0	0	0	0	0	0	0	0	0	0	0	0	0	0	5	0	0	0	0	0	0	0	0	0	0	0	0	0	0	0	0	0	0	0	0	0	0	0	0	0	0	0	0	0	0	0	0	0	0	0	0	0	0	0	0	0	0	0	0	0	0	0	0	0	0	0	0	0	0	0	0	0	0	0	0	0	0	0	0	0	0	0	0	0	0	0	0	0	0	0	0	0	0	0	0	0	0	0	0	0	0	0	0	0	0	0	0	0	0	0	0	0	0	0	0	0	0	0	0	0	0	0	116	0	0	0	0	0	0	0	1	0	0	0	0	0	0	0	0	0	0	0	0	0	0	0	0	0	0	0	0	0	0	0	0	0	0	0	0	0	0	0	0	0	0	0	0	0	0	0	407	0	0	0	0	0	0	0	0	0	0	0	0	0	0	0	0	0	0	0	0	0	0	0	0	0	0	0	0	0	0
"Swaziland"	0	2	0	0	0	0	0	0	0	0	0	0	0	0	0	0	0	0	1	0	0	0	0	0	0	0	0	0	0	0	0	0	0	0	0	0	0	0	0	0	0	0	0	0	0	0	0	0	0	0	0	0	0	0	0	0	0	0	1	0	0	0	0	0	0	0	0	0	0	0	0	0	0	0	0	0	0	0	0	0	0	0	0	0	0	0	0	0	0	0	0	0	0	0	0	0	0	0	0	0	0	0	0	0	0	0	0	0	0	0	0	0	0	0	0	0	0	0	0	0	0	0	0	0	0	0	4	0	0	0	1	0	0	0	1	0	0	0	0	0	0	0	0	0	0	0	0	0	0	0	0	0	0	0	0	0	0	0	0	0	0	0	0	0	0	0	0	0	0	0	0	0	0	0	11	0	0	0	0	0	0	0	0	0	0	0	1	0	0	0	0	0	0	0	0	0	0	0	0	0	0	0	0	0	0
"Viet Nam"	0	11678	0	0	3	0	6	0	0	68	0	0	0	0	32	0	0	0	871	0	1	0	0	0	300897	0	0	0	57	1	0	0	3	0	0	0	0	0	0	0	0	0	0	1	0	0	4	0	0	0	0	0	0	0	0	0	0	27	2	0	50	0	0	0	3	0	0	0	0	0	52	0	0	0	0	0	0	0	0	0	0	0	0	0	0	0	0	3	8750	0	0	0	0	0	0	0	0	0	0	0	0	0	0	93	0	0	0	0	0	6	0	0	0	0	0	0	0	0	0	4	0	56	0	0	130	0	45757	0	0	88	0	0	0	1	211	0	0	0	0	0	0	0	0	0	0	0	143	0	0	0	0	0	0	72	0	0	0	0	12	0	0	68	0	4	9	0	0	1132	0	0	1829	0	2	0	205	0	0	0	0	0	0	0	2	1944	0	0	2	0	0	0	0	0	0	0	0	0	0	0	0	0	0	0	0	0	0
"Guatemala"	0	24	0	0	0	0	0	0	0	0	0	0	0	0	0	0	0	0	0	0	0	0	0	0	0	0	0	0	1	0	3	18	0	0	0	0	0	0	0	0	0	0	0	0	0	0	0	0	0	0	0	0	0	0	0	0	0	0	0	0	0	0	0	0	0	0	0	0	0	0	0	0	0	0	0	0	0	0	0	1231	0	0	0	0	0	0	0	0	18	0	0	0	0	0	0	0	0	0	2	0	0	0	0	0	0	0	3	0	0	0	0	0	0	0	0	0	0	0	0	0	0	0	0	0	7	0	4840	0	0	7	0	0	0	0	0	0	0	0	0	0	0	0	0	0	0	0	1	0	0	0	0	0	0	0	0	0	0	0	0	0	0	0	0	0	0	0	0	0	0	0	0	0	0	0	339	0	0	0	0	0	0	0	0	0	0	0	2	0	0	0	0	0	0	0	0	0	0	0	0	0	0	0	0	0	0
"Cyprus"	0	0	0	0	0	0	0	0	0	0	0	0	0	0	0	0	0	0	3	0	0	0	0	0	0	0	0	0	0	0	0	0	0	0	0	0	0	0	0	0	0	0	0	0	0	0	0	0	0	0	0	0	0	0	0	0	0	0	0	0	0	0	0	0	0	0	0	0	0	0	0	0	0	0	0	0	0	0	0	0	0	0	0	0	0	0	0	0	0	0	0	0	0	0	0	0	0	0	0	0	0	0	0	0	0	0	0	0	0	0	0	0	0	0	0	0	0	0	0	0	0	0	0	0	0	0	1	0	0	0	0	0	0	0	0	0	0	0	0	0	0	0	0	0	0	0	0	0	0	0	0	0	0	0	0	0	0	0	0	0	0	0	0	0	0	0	0	0	0	0	0	0	0	0	1	0	0	0	0	0	0	0	0	0	0	0	0	0	0	0	0	0	0	0	0	0	0	0	0	0	0	0	0	0	0
"Finland"	0	3	0	0	0	0	0	0	0	0	0	0	0	0	0	0	0	0	0	0	0	0	0	0	0	0	0	0	0	0	0	0	0	0	0	0	0	0	0	0	0	0	0	0	0	0	0	0	0	0	0	0	0	0	0	0	0	0	0	0	0	0	0	0	0	0	0	0	0	0	0	0	0	0	0	0	0	0	0	0	0	0	0	0	0	0	0	0	0	0	0	0	0	0	0	0	0	0	0	0	0	0	0	0	0	0	0	0	0	0	0	0	0	0	0	0	0	0	0	0	0	0	0	0	0	0	3	0	0	0	0	0	0	0	0	0	0	0	0	0	0	0	0	0	0	0	0	0	0	0	0	0	0	0	0	0	0	0	0	0	0	0	0	0	0	0	0	0	0	0	0	0	0	0	0	0	0	0	0	0	0	0	0	0	0	0	0	0	0	0	0	0	0	0	0	0	0	0	0	0	0	0	0	0	0
"Slovakia"	0	459	0	0	0	0	0	0	0	0	0	0	0	0	0	0	0	0	1	0	0	0	0	0	0	0	0	0	15	0	0	0	0	0	0	0	0	0	0	0	0	0	0	0	0	0	0	0	0	0	0	0	0	0	0	0	0	0	0	0	0	0	0	0	0	0	0	0	0	0	3	0	0	0	0	0	0	0	0	0	0	0	0	0	0	0	0	0	97	0	0	0	0	0	0	0	0	0	0	0	0	0	0	0	0	0	0	0	0	0	0	0	0	0	0	0	0	0	0	0	0	0	0	0	15	0	35	0	0	0	0	0	0	0	0	0	0	0	0	0	0	0	0	0	0	0	13	0	0	0	0	0	0	15	0	0	0	0	2	0	0	39	0	0	0	0	0	0	0	0	0	0	0	0	11	0	0	0	0	0	0	0	0	5	0	0	27	4	0	0	0	0	0	0	0	0	0	0	0	0	0	0	0	0	0
"Antigua & Barbuda"	0	1	0	0	0	0	0	0	0	0	0	0	0	0	0	0	0	0	0	0	0	0	0	0	0	0	0	0	0	0	0	0	0	0	0	0	0	0	0	0	0	0	0	0	0	0	0	0	0	0	0	0	0	0	0	0	0	0	0	0	0	0	0	0	0	0	0	0	0	0	0	0	0	0	0	0	0	0	0	0	0	0	0	0	0	0	0	0	0	0	0	0	0	0	0	0	0	0	0	0	0	0	0	0	0	0	0	0	0	0	0	0	0	0	0	0	0	0	0	0	0	0	0	0	0	0	0	0	0	0	0	0	0	0	0	0	0	0	0	0	0	0	0	0	0	0	0	0	0	0	0	0	0	0	0	0	0	0	0	0	0	0	0	0	0	0	0	0	0	0	0	0	0	0	18	0	0	0	0	0	0	0	0	0	0	0	0	0	0	0	0	0	0	0	0	0	0	0	0	0	0	0	0	0	0
"Martinique"	0	0	0	0	0	0	0	0	0	0	0	0	0	0	0	0	0	0	0	0	0	0	0	0	0	0	0	0	0	0	0	0	0	0	0	0	0	0	0	0	0	0	0	0	0	0	0	0	0	0	0	0	0	0	0	0	0	0	0	0	0	0	0	0	0	0	0	0	0	0	0	0	0	0	0	0	0	0	0	0	0	0	0	0	0	0	0	0	0	0	0	0	0	0	0	0	0	0	0	0	0	0	0	0	0	0	0	0	0	0	0	0	0	0	0	0	0	0	0	0	0	0	0	0	0	0	0	0	0	0	0	0	0	0	0	0	0	0	0	0	0	0	0	0	0	0	0	0	0	0	0	0	0	0	0	0	0	0	0	0	0	0	0	0	0	0	0	0	0	0	0	0	0	0	0	0	0	0	0	0	0	0	0	0	0	0	0	0	0	0	0	0	0	0	0	0	0	0	0	0	0	0	0	0	0
"Azerbaijan"	0	3628	0	0	0	0	0	0	0	0	0	0	0	0	0	0	0	0	35	0	2	0	113224	0	0	0	0	0	74	0	0	0	19	0	0	0	0	0	0	0	0	0	0	0	0	0	12	0	0	0	0	0	0	0	0	4	0	0	5	0	0	0	0	0	0	0	0	0	0	0	135	0	0	4	0	0	0	0	0	0	0	0	0	0	3	0	0	7	1210	0	0	0	0	0	0	0	0	0	0	0	0	2	0	0	0	180	0	3	0	42	0	0	0	0	0	0	0	0	0	0	29	24	0	0	389	0	3674	0	28	45	0	0	0	0	2	0	0	0	0	0	0	0	0	0	0	0	114	0	0	0	0	0	0	55	0	0	0	0	0	3	0	2375	0	0	19	0	0	0	0	0	0	0	0	0	652	0	0	0	0	0	0	0	0	44	0	0	26	0	0	0	0	0	0	0	0	0	0	0	0	0	0	0	0	0	0
"New Zealand"	0	7	0	0	0	0	0	0	0	0	0	0	0	0	0	0	0	0	0	0	0	0	0	0	0	0	0	0	0	0	0	0	0	0	0	0	0	0	0	0	0	0	0	0	0	0	0	0	0	0	0	0	0	0	0	0	0	0	0	0	0	0	0	0	0	0	0	0	0	0	0	0	0	0	0	0	0	0	0	0	0	0	0	0	0	0	0	0	0	0	0	0	0	0	0	0	0	0	0	0	0	0	0	0	0	0	0	0	0	0	0	0	0	0	0	0	0	0	0	0	0	0	0	0	0	0	0	0	0	0	0	0	0	0	0	0	0	0	0	0	0	0	0	0	0	0	0	0	0	0	0	0	0	0	0	0	0	0	0	0	0	0	0	0	0	0	0	0	0	0	0	0	0	0	1	0	0	0	0	0	0	0	0	0	0	0	0	0	0	0	0	0	0	0	0	0	0	0	0	0	0	0	0	0	0
"Lithuania"	0	564	0	0	0	0	0	0	0	0	0	0	0	0	2	0	0	0	7	0	0	0	0	0	0	0	0	0	1	1	0	0	0	0	0	1	0	0	0	0	0	0	0	0	0	0	0	0	0	0	0	0	0	0	0	0	0	0	0	0	0	0	0	0	0	0	0	0	0	0	0	0	0	0	0	0	0	0	0	0	0	0	0	0	0	0	0	0	11	0	0	0	0	0	0	0	0	0	0	0	0	0	0	0	0	0	0	0	0	0	0	0	0	0	0	0	0	0	0	0	0	0	0	0	11	0	201	0	0	23	0	0	0	0	0	0	0	0	0	0	0	0	0	0	0	0	0	0	0	0	0	0	0	0	0	0	0	0	0	0	0	5	0	0	1	0	0	0	0	0	0	0	0	0	92	0	0	0	0	0	0	0	0	0	0	0	22	0	0	0	0	0	0	0	0	0	0	0	0	0	0	0	0	0	0
"Portugal"	0	7	0	0	0	0	0	0	0	0	0	0	0	0	0	0	0	0	0	0	0	0	0	0	0	0	0	0	0	0	0	0	0	0	0	0	0	0	0	0	0	0	0	0	0	0	0	0	0	0	0	0	0	0	0	0	0	0	0	0	0	0	0	0	0	0	0	0	0	0	0	0	0	0	0	0	0	0	0	0	0	0	0	0	0	0	0	0	0	0	0	0	0	0	0	0	0	0	0	0	0	0	0	0	0	0	0	0	0	0	0	0	0	0	0	0	0	0	0	0	0	0	0	0	0	0	7	0	0	2	0	0	0	0	0	0	0	0	0	0	0	0	0	0	0	0	0	0	0	0	0	0	0	0	0	0	0	0	0	0	0	0	0	0	0	0	0	0	0	0	0	0	0	0	3	0	0	0	0	0	0	0	0	6	0	0	0	0	0	0	0	0	0	0	0	0	0	0	0	0	0	0	0	0	0
"Netherlands"	0	26	0	0	0	0	0	0	0	0	0	0	0	0	0	0	0	0	0	0	0	0	0	0	0	0	0	0	1	0	0	0	0	0	0	0	0	0	0	0	0	0	0	0	0	0	0	0	0	0	0	0	0	0	0	0	0	0	0	0	0	0	0	0	0	0	0	0	0	0	0	0	0	0	0	0	0	0	0	0	0	0	0	0	0	0	0	0	0	0	0	0	0	0	0	0	0	0	0	0	0	0	0	0	0	0	0	0	0	0	0	0	0	0	0	0	0	0	0	0	0	0	0	0	4	0	4	0	0	0	0	0	0	0	0	0	0	0	0	0	0	0	0	0	0	0	0	0	0	0	0	0	0	0	0	0	0	0	0	0	0	0	0	0	0	0	0	0	0	0	0	0	0	0	4	0	0	0	0	0	0	0	0	0	0	0	0	0	0	0	0	0	0	0	0	0	0	0	0	0	0	0	0	0	0
"Emirates"	0	233	0	0	0	0	0	0	0	0	0	0	0	0	0	0	0	0	2	0	0	0	0	0	0	0	0	0	0	0	0	0	0	0	0	0	0	0	0	0	0	0	0	0	0	0	0	0	0	0	0	0	0	0	0	0	0	0	0	0	0	0	0	0	0	0	0	0	0	0	0	0	0	0	0	0	0	0	0	0	0	0	0	0	0	0	0	0	0	0	0	0	0	0	0	0	0	0	0	0	0	0	0	0	0	0	0	0	0	0	0	0	0	0	0	0	0	0	0	0	0	0	0	0	1	0	18	0	0	0	0	0	0	0	1	0	0	0	0	0	0	0	0	0	0	0	0	0	0	0	0	0	0	0	0	0	0	0	0	0	0	0	0	0	0	0	0	0	0	0	0	0	0	0	10	0	0	0	0	0	0	0	0	0	0	0	0	0	0	0	0	0	0	0	0	0	0	0	0	0	0	0	0	0	0
"Gabon"	0	10	0	0	0	0	0	0	0	0	0	0	0	0	0	0	0	0	0	0	0	0	0	0	0	0	0	0	0	0	0	0	0	0	0	0	0	0	0	0	0	0	0	0	0	0	0	0	0	0	0	0	0	0	0	0	0	0	0	0	0	0	0	0	0	0	0	0	0	0	0	0	0	0	0	0	0	0	0	0	0	0	0	0	0	0	0	0	7	0	0	0	0	0	0	0	0	0	0	0	0	0	0	0	0	0	0	0	0	4	0	0	0	0	0	0	0	0	0	0	0	0	0	0	0	0	31	0	0	10	0	0	0	0	0	0	0	0	0	0	0	0	0	0	0	0	0	0	0	0	0	0	0	0	0	0	0	0	0	0	0	3	0	0	1	0	0	0	0	0	0	0	0	0	28	0	0	0	0	0	0	0	0	1	0	0	0	0	0	0	0	0	0	0	0	0	0	0	0	0	0	0	0	0	0
"Italy"	0	82	0	0	0	0	0	0	0	0	0	0	0	0	0	0	0	0	0	0	0	0	0	0	0	0	0	0	0	0	0	0	0	0	0	0	0	0	0	0	0	0	0	0	0	0	0	0	0	0	0	0	0	0	0	0	0	0	0	0	0	0	0	0	0	0	0	0	0	0	0	0	0	0	0	0	0	0	0	0	0	0	0	0	0	0	0	0	0	0	0	0	0	0	0	0	0	0	0	0	0	0	0	0	0	0	0	0	0	0	0	0	0	0	0	0	0	0	0	0	0	0	0	0	1	0	15	0	0	0	0	0	0	0	1	0	0	0	0	0	0	0	0	0	0	0	0	0	0	0	0	0	0	0	0	0	0	0	0	0	0	0	0	0	0	0	0	0	0	0	0	0	0	0	3	0	0	0	0	0	0	0	0	3	0	0	0	0	0	0	0	0	0	0	0	0	0	0	0	0	0	0	0	0	0
"Montenegro"	0	131	0	0	0	0	0	0	0	0	0	0	0	0	0	0	0	0	0	0	0	0	0	0	0	0	0	0	0	0	0	0	0	0	0	0	0	0	0	0	0	0	0	0	0	0	0	0	0	0	0	0	0	0	0	0	0	0	0	0	0	0	0	0	0	0	0	0	0	0	0	0	0	0	0	0	0	0	0	0	0	0	0	0	0	0	0	0	0	0	0	0	0	0	0	0	0	0	0	0	0	0	0	0	0	0	0	0	0	0	0	0	0	0	0	0	0	0	0	0	0	0	0	0	3	0	0	0	0	0	0	0	0	0	0	0	0	0	0	0	0	0	0	0	0	0	0	0	0	0	0	0	0	0	0	0	0	0	0	0	0	0	0	0	0	0	0	0	0	0	0	0	0	0	0	0	0	0	0	0	0	0	0	1	0	0	0	0	0	0	0	0	0	0	0	0	0	0	0	0	0	0	0	0	0
"Saint Lucia"	0	7	0	0	0	0	0	0	0	0	0	0	0	0	0	0	0	0	0	0	0	0	0	0	0	0	0	0	0	0	0	0	0	0	0	0	0	0	0	0	0	0	0	0	0	0	0	0	0	0	0	0	0	0	0	0	0	0	0	0	0	0	0	0	0	0	0	0	0	0	0	0	0	0	0	0	0	0	0	0	0	0	0	0	0	0	0	0	0	0	0	0	0	0	0	0	0	0	0	0	0	0	0	0	0	0	0	0	0	0	0	0	0	0	0	0	0	0	0	0	0	0	0	0	0	0	5	0	0	0	0	0	0	0	0	0	0	0	0	0	0	0	0	0	0	0	0	0	0	0	0	0	0	0	0	0	0	0	0	0	0	0	0	0	0	0	0	0	0	0	0	0	0	0	151	0	0	0	0	0	0	0	0	0	0	0	0	0	0	0	0	0	0	0	0	0	0	0	0	0	0	0	0	0	0
"Japan"	0	146	0	0	0	0	0	0	0	0	0	0	0	0	0	0	0	0	0	0	0	0	0	0	0	0	0	0	0	0	0	0	0	0	0	0	0	0	0	0	0	0	0	0	0	0	0	0	0	0	0	0	0	0	0	0	0	0	0	0	0	0	0	0	0	0	0	0	0	0	0	0	0	0	0	0	0	0	0	0	0	0	0	0	0	0	0	0	0	0	0	0	0	0	0	0	0	0	0	0	0	0	0	0	0	0	0	0	0	0	0	0	0	0	0	0	0	0	0	0	0	0	0	0	0	0	9	0	0	0	0	0	0	0	0	0	0	0	0	0	0	0	0	0	0	0	0	0	0	0	0	0	0	0	0	0	0	0	0	0	0	0	0	0	0	0	0	0	0	0	0	0	0	0	11	0	0	0	0	0	0	0	0	0	0	0	2	0	0	0	0	0	0	0	0	0	0	0	0	0	0	0	0	0	0
"Maldives"	0	2	0	0	0	0	0	0	0	0	0	0	0	1	0	0	0	0	5	0	0	0	0	0	0	0	0	0	0	0	0	0	0	0	0	0	0	0	0	0	0	0	0	0	0	0	0	0	0	0	0	0	0	0	0	0	0	0	0	0	0	0	0	0	0	0	0	0	0	0	0	0	0	0	0	0	0	0	0	0	0	0	0	0	0	0	0	0	0	0	0	0	0	0	0	0	0	0	0	0	0	0	0	0	0	0	0	0	0	0	0	0	0	0	0	0	0	0	0	0	0	0	0	0	0	0	3	0	0	0	0	0	0	0	0	0	0	0	0	0	0	0	0	0	0	0	0	0	0	0	0	0	0	0	0	0	0	0	0	0	0	0	0	0	0	0	0	0	0	0	0	0	0	0	0	0	0	0	0	0	0	0	0	5	0	0	0	0	0	0	0	0	0	0	0	0	0	0	0	0	0	0	0	0	0
"Suriname"	0	1	0	0	0	0	0	0	0	0	0	0	0	0	0	0	0	0	0	0	0	0	0	0	0	0	0	0	0	0	0	0	0	0	0	0	0	0	0	0	0	0	0	0	0	0	0	0	0	0	0	0	0	0	0	0	0	0	0	0	0	0	0	0	0	0	0	0	0	0	0	0	0	0	0	0	0	0	0	0	0	0	0	0	0	0	0	0	0	0	0	0	0	0	0	0	0	0	0	0	0	0	0	0	0	0	0	0	0	0	0	0	0	0	0	0	0	0	0	0	0	0	0	0	0	0	53	0	0	0	1	0	0	0	0	0	0	0	0	0	0	0	0	0	0	0	0	0	0	0	0	0	0	0	0	0	0	0	0	0	0	8	0	0	0	0	0	0	0	0	0	0	0	0	3	0	0	0	0	0	0	0	0	0	0	0	0	0	0	0	0	0	0	0	0	0	0	0	0	0	0	0	0	0	0
"Hong Kong"	0	0	0	0	0	0	0	0	0	0	0	0	0	0	0	0	0	0	0	0	0	0	0	0	0	0	0	0	0	0	0	0	0	0	0	0	0	0	0	0	0	0	0	0	0	0	0	0	0	0	0	0	0	0	0	0	0	0	0	0	0	0	0	0	0	0	0	0	0	0	0	0	0	0	0	0	0	0	0	0	0	0	0	0	0	0	0	0	0	0	0	0	0	0	0	0	0	0	0	0	0	0	0	0	0	0	0	0	0	0	0	0	0	0	0	0	0	0	0	0	0	0	0	0	0	0	9	0	0	0	0	0	0	0	0	0	0	0	0	0	0	0	0	0	0	0	0	0	0	0	0	0	0	0	0	0	0	0	0	0	0	0	0	0	0	0	0	0	0	0	0	0	0	0	1	0	0	0	0	0	0	0	0	0	0	0	0	0	0	0	0	0	0	0	0	0	0	0	0	0	0	0	0	0	0
"St Vincent"	0	0	0	0	0	0	0	0	0	0	0	0	0	0	0	0	0	0	0	0	0	0	0	0	0	0	0	0	0	0	0	0	0	0	0	0	0	0	0	0	0	0	0	0	0	0	0	0	0	0	0	0	0	0	0	0	0	0	0	0	0	0	0	0	0	0	0	0	0	0	0	0	0	0	0	0	0	0	0	0	0	0	0	0	0	0	0	0	0	0	0	0	0	0	0	0	0	0	0	0	0	0	0	0	0	0	0	0	0	0	0	0	0	0	0	0	0	0	0	0	0	0	0	0	0	0	1	0	0	0	0	0	0	0	0	0	0	0	0	0	0	0	0	0	0	0	0	0	0	0	0	0	0	0	0	0	0	0	0	0	0	0	0	0	0	0	0	0	0	0	0	0	0	0	386	0	0	0	0	0	0	0	0	0	0	0	0	0	0	0	0	0	0	0	0	0	0	0	0	0	0	0	0	0	0
"Papua New Guinea"	0	1	0	0	0	0	0	0	0	0	0	0	0	0	0	0	0	0	0	0	0	0	0	0	0	0	0	0	0	0	0	0	0	0	0	0	0	0	0	0	0	0	0	0	0	0	0	0	0	0	0	0	0	0	0	0	0	0	0	0	0	0	0	0	0	0	0	0	0	0	0	0	0	0	0	0	0	0	0	0	0	0	0	0	0	0	0	0	0	0	0	0	0	0	0	0	0	0	0	0	0	0	0	0	0	0	0	0	0	0	0	0	0	0	0	0	0	0	0	0	0	0	0	0	1	0	0	0	0	0	0	0	0	0	15	0	0	0	0	0	0	0	0	0	0	0	0	0	0	0	0	0	0	0	0	0	0	0	0	0	0	12	0	0	2	0	0	0	0	0	0	0	0	0	0	0	0	0	0	0	0	0	0	0	0	0	0	0	0	0	0	0	0	0	0	0	0	0	0	0	0	0	0	0	0
"Grenada"	0	2	0	0	0	0	0	0	0	0	0	0	0	0	0	0	0	0	0	0	0	0	0	0	0	0	0	0	0	0	0	0	0	0	0	0	0	0	0	0	0	0	0	0	0	0	0	0	0	0	0	0	0	0	0	0	0	0	0	0	0	0	0	0	0	0	0	0	0	0	0	0	0	0	0	0	0	0	0	0	0	0	0	0	0	0	0	0	0	0	0	0	0	0	0	0	0	0	0	0	0	0	0	0	0	0	0	0	0	0	0	0	0	0	0	0	0	0	0	0	0	0	0	0	0	0	1	0	0	0	0	0	0	0	0	0	0	0	0	0	0	0	0	0	0	0	0	0	0	0	0	0	0	0	0	0	0	0	0	0	0	0	0	0	0	0	0	0	0	0	0	0	0	0	199	0	0	0	0	0	0	0	0	0	0	0	0	0	0	0	0	0	0	0	0	0	0	0	0	0	0	0	0	0	0
"Canada"	0	57	0	0	0	0	0	0	0	0	0	0	0	0	0	0	0	0	0	0	0	0	0	0	0	0	0	0	0	0	0	0	0	0	0	0	0	0	0	0	0	0	0	0	0	0	0	0	0	0	0	0	0	0	0	0	0	0	0	0	0	0	0	0	0	0	0	0	0	0	0	0	0	0	0	0	0	0	0	0	0	0	0	0	0	0	0	0	0	0	0	0	0	0	0	0	0	0	0	0	0	0	0	0	0	0	0	0	0	0	0	0	0	0	0	0	0	0	0	0	0	0	0	0	1	0	37	0	0	0	0	0	0	0	0	0	0	0	0	0	0	0	0	0	0	0	0	0	0	0	0	0	0	0	0	0	0	0	0	0	0	0	0	0	0	0	0	0	0	0	0	0	0	0	0	0	0	0	0	0	0	0	0	0	0	0	0	0	0	0	0	0	0	0	0	0	0	0	0	0	0	0	0	0	0
"Sao Tome"	0	1	0	0	0	0	0	0	0	0	0	0	0	0	0	0	0	0	0	0	0	0	0	0	0	0	0	0	0	0	0	0	0	0	0	0	0	0	0	0	0	0	0	0	0	0	0	0	0	0	0	0	0	0	0	0	0	0	0	0	0	0	0	0	0	0	0	0	0	0	0	0	0	0	0	0	0	0	0	0	0	0	0	0	0	0	0	0	0	0	0	0	0	0	0	0	0	0	0	0	0	0	0	0	0	0	0	0	0	0	0	0	0	0	0	0	0	0	0	0	0	0	0	0	0	0	0	0	0	0	0	0	0	0	0	0	0	0	0	0	0	0	0	0	0	0	0	0	0	0	0	0	0	0	0	0	0	0	0	0	1	0	0	30	0	0	0	0	0	0	0	0	0	0	0	0	0	0	0	0	0	0	0	0	0	0	0	0	0	0	0	0	0	0	0	0	0	0	0	0	0	0	0	0	0
"Luxembourg"	0	2	0	0	0	0	0	0	0	0	0	0	0	0	0	0	0	0	0	0	0	0	0	0	0	0	0	0	0	0	0	0	0	0	0	0	0	0	0	0	0	0	0	0	0	0	0	0	0	0	0	0	0	0	0	0	0	0	0	0	0	0	0	0	0	0	0	0	0	0	0	0	0	0	0	0	0	0	0	0	0	0	0	0	0	0	0	0	0	0	0	0	0	0	0	0	0	0	0	0	0	0	0	0	0	0	0	0	0	0	0	0	0	0	0	0	0	0	0	0	0	0	0	0	0	0	0	0	0	0	0	0	0	0	0	0	0	0	0	0	0	0	0	0	0	0	0	0	0	0	0	0	0	0	0	0	0	0	0	0	0	0	0	0	0	0	0	0	0	0	0	0	0	0	0	0	0	0	0	0	0	0	0	0	0	0	0	0	0	0	0	0	0	0	0	0	0	0	0	0	0	0	0	0	0
"Seychelles"	0	12	0	0	0	0	0	0	0	0	0	0	0	0	0	0	0	0	1	0	0	0	0	0	0	0	0	0	0	0	0	0	0	0	0	0	0	0	0	0	0	0	0	0	0	0	0	0	0	0	0	0	0	0	0	0	0	0	0	0	0	0	0	0	0	0	0	0	0	0	0	0	0	0	0	0	0	0	0	0	0	0	0	0	0	0	0	0	0	0	0	0	0	0	0	0	0	0	0	0	0	0	0	0	0	0	0	0	0	0	0	0	0	0	0	0	0	0	0	0	0	0	0	0	0	0	40	0	0	0	0	0	0	0	0	0	0	0	0	0	0	0	0	0	0	0	4	0	0	0	0	0	0	0	0	0	0	0	0	0	0	0	0	0	0	0	0	0	0	0	0	0	0	0	4	0	0	0	0	0	0	0	0	0	0	0	0	0	0	0	0	0	0	0	0	0	0	0	0	0	0	0	0	0	0
"Jamaica"	0	76	0	0	0	0	0	0	0	0	0	0	0	0	0	0	0	0	322	0	0	0	0	0	0	0	0	0	0	0	0	0	0	0	0	0	0	0	0	0	0	0	0	0	0	0	0	0	0	0	0	0	0	0	0	0	0	0	0	0	0	0	0	0	0	0	0	0	0	0	0	0	0	0	0	0	0	0	0	0	0	0	0	0	0	0	0	0	0	0	0	0	0	0	0	0	0	0	0	0	0	0	0	0	0	0	0	0	0	0	0	0	0	0	0	0	0	0	0	0	0	0	0	0	0	0	54	0	0	0	0	0	0	0	0	0	0	0	0	0	0	0	0	0	0	0	0	0	0	0	0	0	0	0	0	0	0	0	0	0	0	3	0	0	0	0	0	0	0	0	0	0	0	0	197	0	0	0	0	0	0	0	0	0	0	0	8	0	0	0	0	0	0	0	0	0	0	0	0	0	0	0	0	0	0
"Lesotho"	0	5	0	0	0	0	0	0	0	0	0	0	0	0	0	0	0	0	0	0	0	0	0	0	0	0	0	0	0	0	0	0	0	0	0	0	0	0	0	0	0	0	0	0	0	0	0	0	0	0	0	0	0	0	0	0	0	0	0	0	0	0	0	0	0	0	0	0	0	0	0	0	0	0	0	0	0	0	0	0	0	0	0	0	0	0	0	0	0	0	0	0	0	0	0	0	0	0	0	0	0	0	0	0	0	0	0	0	0	0	0	0	0	0	0	0	0	0	0	0	0	0	0	0	0	0	1	0	0	0	0	0	0	0	0	0	0	0	0	0	0	0	0	0	0	0	1	0	0	0	0	0	0	0	0	0	0	0	0	0	0	0	0	0	0	0	0	0	0	0	0	0	0	0	0	0	0	0	0	0	0	0	0	0	0	0	1	0	0	0	0	0	0	0	0	0	0	0	0	0	0	0	0	0	0
"Oman"	0	26	0	0	0	0	0	0	0	0	0	0	0	0	0	0	0	0	1	0	0	0	0	0	0	0	0	0	0	0	0	0	0	0	0	0	0	0	0	0	0	0	0	0	0	0	0	0	0	0	0	0	0	0	0	0	0	0	0	0	0	0	0	0	0	0	0	0	0	0	0	0	0	0	0	0	0	0	0	0	0	0	0	0	0	0	0	0	0	0	0	0	0	0	0	0	0	0	0	0	0	0	0	0	0	0	0	0	0	0	0	0	0	0	0	0	0	0	0	0	0	0	0	0	0	0	6	0	0	0	0	0	0	0	0	0	0	0	0	0	0	0	0	0	0	0	0	0	0	0	0	0	0	0	0	0	0	0	0	0	0	0	0	0	0	0	0	0	0	0	0	0	0	0	5	0	0	0	0	0	0	0	0	0	0	0	0	0	0	0	0	0	0	0	0	0	0	0	0	0	0	0	0	0	0
"Andorra"	0	4	0	0	0	0	0	0	0	0	0	0	0	0	0	0	0	0	0	0	0	0	0	0	0	0	0	0	0	0	0	0	0	0	0	0	0	0	0	0	0	0	0	0	0	0	0	0	0	0	0	0	0	0	0	0	0	0	0	0	0	0	0	0	0	0	0	0	0	0	0	0	0	0	0	0	0	0	0	0	0	0	0	0	0	0	0	0	0	0	0	0	0	0	0	0	0	0	0	0	0	0	0	0	0	0	0	0	0	0	0	0	0	0	0	0	0	0	0	0	0	0	0	0	0	0	5	0	0	0	0	0	0	0	0	0	0	0	0	0	0	0	0	0	0	0	0	0	0	0	0	0	0	0	0	0	0	0	0	0	0	1	0	0	0	0	0	0	0	0	0	0	0	0	0	0	0	0	0	0	0	0	0	0	0	0	0	0	0	0	0	0	0	0	0	0	0	0	0	0	0	0	0	0	0
"Timor-Leste"	0	0	0	0	0	0	0	0	0	0	0	0	0	0	0	0	0	0	0	0	0	0	0	0	0	0	0	0	0	0	0	0	0	0	0	0	0	0	0	0	0	0	0	0	0	0	0	0	0	0	0	0	0	0	0	0	0	0	0	0	0	0	0	0	0	0	0	0	0	0	0	0	0	0	0	0	0	0	0	0	0	0	0	0	0	0	0	0	0	0	0	0	0	0	0	0	0	0	0	0	0	0	0	0	0	0	0	0	0	0	0	0	0	0	0	0	0	0	0	0	0	0	0	0	0	0	0	0	0	0	0	0	0	0	251	0	0	0	0	0	0	0	0	0	0	0	0	0	0	0	0	0	0	0	0	0	0	0	0	0	0	0	0	0	0	0	0	0	0	0	0	0	0	0	0	0	0	0	0	0	0	0	0	0	0	0	0	0	0	0	0	0	0	0	0	0	0	0	0	0	0	0	0	0	0
"Switzerland"	0	28	0	0	0	0	0	0	0	0	0	0	0	0	0	0	0	0	0	0	0	0	0	0	0	0	0	0	0	0	0	0	0	0	0	0	0	0	0	0	0	0	0	0	0	0	0	0	0	0	0	0	0	0	0	0	0	0	0	0	0	0	0	0	0	0	0	0	0	0	0	0	0	0	0	0	0	0	0	0	0	0	0	0	0	0	0	0	0	0	0	0	0	0	0	0	0	0	0	0	0	0	0	0	0	0	0	0	0	0	0	0	0	0	0	0	0	0	0	0	0	0	0	0	0	0	0	0	0	0	0	0	0	0	0	0	0	0	0	0	0	0	0	0	0	0	0	0	0	0	0	0	0	0	0	0	0	0	0	0	0	0	0	0	0	0	0	0	0	0	0	0	0	0	3	0	0	0	0	0	0	0	0	0	0	0	5	0	0	0	0	0	0	0	0	0	0	0	0	0	0	0	0	0	0
"Singapore"	0	63	0	0	0	0	0	0	0	0	0	0	0	0	0	0	0	0	0	0	0	0	0	0	0	0	0	0	0	0	0	0	0	0	0	0	0	0	0	0	0	0	0	0	0	0	0	0	0	0	0	0	0	0	0	0	0	0	0	0	0	0	0	0	0	0	0	0	0	0	0	0	0	0	0	0	0	0	0	0	0	0	0	0	0	0	0	0	0	0	0	0	0	0	0	0	0	0	0	0	0	0	0	0	0	0	0	0	0	0	0	0	0	0	0	0	0	0	0	0	0	0	0	0	2	0	40	0	0	0	0	0	0	0	0	0	0	0	0	0	0	0	0	0	0	0	0	0	0	0	0	0	0	0	0	0	0	0	0	0	0	0	0	0	0	0	0	0	0	0	0	0	0	0	6	0	0	0	0	0	0	0	0	0	0	0	0	0	0	0	0	0	0	0	0	0	0	0	0	0	0	0	0	0	0
"St Kitts"	0	0	0	0	0	0	0	0	0	0	0	0	0	0	0	0	0	0	0	0	0	0	0	0	0	0	0	0	0	0	0	0	0	0	0	0	0	0	0	0	0	0	0	0	0	0	0	0	0	0	0	0	0	0	0	0	0	0	0	0	0	0	0	0	0	0	0	0	0	0	0	0	0	0	0	0	0	0	0	0	0	0	0	0	0	0	0	0	0	0	0	0	0	0	0	0	0	0	0	0	0	0	0	0	0	0	0	0	0	0	0	0	0	0	0	0	0	0	0	0	0	0	0	0	0	0	2	0	0	0	0	0	0	0	0	0	0	0	0	0	0	0	0	0	0	0	0	0	0	0	0	0	0	0	0	0	0	0	0	0	0	0	0	0	0	0	0	0	0	0	0	0	0	0	0	0	0	0	0	0	0	0	0	0	0	0	0	0	0	0	0	0	0	0	0	0	0	0	0	0	0	0	0	0	0
"Ireland"	0	1	0	0	0	0	0	0	0	0	0	0	0	0	0	0	0	0	0	0	0	0	0	0	0	0	0	0	0	0	0	0	0	0	0	0	0	0	0	0	0	0	0	0	0	0	0	0	0	0	0	0	0	0	0	0	0	0	0	0	0	0	0	0	0	0	0	0	0	0	0	0	0	0	0	0	0	0	0	0	0	0	0	0	0	0	0	0	0	0	0	0	0	0	0	0	0	0	0	0	0	0	0	0	0	0	0	0	0	0	0	0	0	0	0	0	0	0	0	0	0	0	0	0	0	0	0	0	0	0	0	0	0	0	0	0	0	0	0	0	0	0	0	0	0	0	0	0	0	0	0	0	0	0	0	0	0	0	0	0	0	0	0	0	0	0	0	0	0	0	0	0	0	0	3	0	0	0	0	0	0	0	0	0	0	0	0	0	0	0	0	0	0	0	0	0	0	0	0	0	0	0	0	0	0
"Iceland"	0	28	0	0	0	0	0	0	0	0	0	0	0	0	0	0	0	0	0	0	0	0	0	0	0	0	0	0	0	0	0	0	0	0	0	0	0	0	0	0	0	0	0	0	0	0	0	0	0	0	0	0	0	0	0	0	0	0	0	0	0	0	0	0	0	0	0	0	0	0	0	0	0	0	0	0	0	0	0	0	0	0	0	0	0	0	0	0	0	0	0	0	0	0	0	0	0	0	0	0	0	0	0	0	0	0	0	0	0	0	0	0	0	0	0	0	0	0	0	0	0	0	0	0	0	0	3	0	0	0	0	0	0	0	0	0	0	0	0	0	0	0	0	0	0	0	0	0	0	0	0	0	0	0	0	0	0	0	0	0	0	0	0	0	0	0	0	0	0	0	0	0	0	0	0	0	0	0	0	0	0	0	0	0	0	0	0	0	0	0	0	0	0	0	0	0	0	0	0	0	0	0	0	0	0
"Kiribati"	0	8	0	0	0	0	0	0	0	0	0	0	0	0	0	0	0	0	0	0	0	0	0	0	0	0	0	0	0	0	0	0	0	0	0	0	0	0	0	0	0	0	0	0	0	0	0	0	0	0	0	0	0	0	0	0	0	0	0	0	0	0	0	0	0	0	0	0	0	0	0	0	0	0	0	0	0	0	0	0	0	0	0	0	0	0	0	0	0	0	0	0	0	0	0	0	0	0	0	0	0	0	0	0	0	0	0	0	0	0	0	0	0	0	0	0	0	0	0	0	0	0	0	0	31	0	0	0	0	0	0	0	0	0	0	0	0	0	0	0	0	0	0	0	0	0	0	0	0	0	0	0	0	0	0	0	0	0	1	0	0	0	0	0	0	0	0	0	0	0	0	0	0	0	1	0	0	0	0	0	0	0	0	0	0	0	0	0	0	0	0	0	0	0	0	0	0	0	0	0	0	0	0	0	0
"Monaco"	0	0	0	0	0	0	0	0	0	0	0	0	0	0	0	0	0	0	0	0	0	0	0	0	0	0	0	0	0	0	0	0	0	0	0	0	0	0	0	0	0	0	0	0	0	0	0	0	0	0	0	0	0	0	0	0	0	0	0	0	0	0	0	0	0	0	0	0	0	0	0	0	0	0	0	0	0	0	0	0	0	0	0	0	0	0	0	0	0	0	0	0	0	0	0	0	0	0	0	0	0	0	0	0	0	0	0	0	0	0	0	0	0	0	0	0	0	0	0	0	0	0	0	0	0	0	0	0	0	0	0	0	0	0	0	0	0	0	0	0	0	0	0	0	0	0	0	0	0	0	0	0	0	0	0	0	0	0	0	0	0	0	0	0	0	0	0	0	0	0	0	0	0	0	0	0	0	0	0	0	0	0	0	0	0	0	0	0	0	0	0	0	0	0	0	0	0	0	0	0	0	0	0	0	0
"Malta"	0	20	0	0	0	0	0	0	0	0	0	0	0	0	0	0	0	0	0	0	0	0	0	0	0	0	0	0	0	0	0	0	0	0	0	0	0	0	0	0	0	0	0	0	0	0	0	0	0	0	0	0	0	0	0	0	0	0	0	0	0	0	0	0	0	0	0	0	0	0	0	0	0	0	0	0	0	0	0	0	0	0	0	0	0	0	0	0	0	0	0	0	0	0	0	0	0	0	0	0	0	0	0	0	0	0	0	0	0	0	0	0	0	0	0	0	0	0	0	0	0	0	0	0	0	0	5	0	0	0	0	0	0	0	1	0	0	0	0	0	0	0	0	0	0	0	0	0	0	0	0	0	0	0	0	0	0	0	0	0	0	0	0	0	0	0	0	0	0	0	0	0	0	0	2	0	0	0	0	0	0	0	0	0	0	0	0	0	0	0	0	0	0	0	0	0	0	0	0	0	0	0	0	0	0
"San Marino"	0	0	0	0	0	0	0	0	0	0	0	0	0	0	0	0	0	0	0	0	0	0	0	0	0	0	0	0	0	0	0	0	0	0	0	0	0	0	0	0	0	0	0	0	0	0	0	0	0	0	0	0	0	0	0	0	0	0	0	0	0	0	0	0	0	0	0	0	0	0	0	0	0	0	0	0	0	0	0	0	0	0	0	0	0	0	0	0	0	0	0	0	0	0	0	0	0	0	0	0	0	0	0	0	0	0	0	0	0	0	0	0	0	0	0	0	0	0	0	0	0	0	0	0	0	0	2	0	0	0	0	0	0	0	0	0	0	0	0	0	0	0	0	0	0	0	0	0	0	0	0	0	0	0	0	0	0	0	0	0	0	0	0	0	0	0	0	0	0	0	0	0	0	0	0	0	0	0	0	0	0	0	0	0	0	0	0	0	0	0	0	0	0	0	0	0	0	0	0	0	0	0	0	0	0
"Barbados"	0	11	0	0	0	0	0	0	0	0	0	0	0	0	0	0	0	0	0	0	0	0	0	0	0	0	0	0	0	0	0	0	0	0	0	0	0	0	0	0	0	0	0	0	0	0	0	0	0	0	0	0	0	0	0	0	0	0	0	0	0	0	0	0	0	0	0	0	0	0	0	0	0	0	0	0	0	0	0	0	0	0	0	0	0	0	0	0	0	0	0	0	0	0	0	0	0	0	0	0	0	0	0	0	0	0	0	0	0	0	0	0	0	0	0	0	0	0	0	0	0	0	0	0	0	0	4	0	0	0	0	0	0	0	0	0	0	0	0	0	0	0	0	0	0	0	0	0	0	0	0	0	0	0	0	0	0	0	0	0	0	0	0	0	0	0	0	0	0	0	0	0	0	0	13	0	0	0	0	0	0	0	0	0	0	0	0	0	0	0	0	0	0	0	0	0	0	0	0	0	0	0	0	0	0
"Gibraltar"	0	0	0	0	0	0	0	0	0	0	0	0	0	0	0	0	0	0	0	0	0	0	0	0	0	0	0	0	0	0	0	0	0	0	0	0	0	0	0	0	0	0	0	0	0	0	0	0	0	0	0	0	0	0	0	0	0	0	0	0	0	0	0	0	0	0	0	0	0	0	0	0	0	0	0	0	0	0	0	0	0	0	0	0	0	0	0	0	0	0	0	0	0	0	0	0	0	0	0	0	0	0	0	0	0	0	0	0	0	0	0	0	0	0	0	0	0	0	0	0	0	0	0	0	0	0	0	0	0	0	0	0	0	0	0	0	0	0	0	0	0	0	0	0	0	0	0	0	0	0	0	0	0	0	0	0	0	0	0	0	0	0	0	0	0	0	0	0	0	0	0	0	0	0	0	0	0	0	0	0	0	0	0	0	0	0	0	0	0	0	0	0	0	0	0	0	0	0	0	0	0	0	0	0	0
"Bahamas"	0	4	0	0	0	0	0	0	0	0	0	0	0	0	0	0	0	0	0	0	0	0	0	0	0	0	0	0	0	0	0	0	0	0	0	0	0	0	0	0	0	0	0	0	0	0	0	0	0	0	0	0	0	0	0	0	0	0	0	0	0	0	0	0	0	0	0	0	0	0	0	0	0	0	0	0	0	0	0	0	0	0	0	0	0	0	0	0	0	0	0	0	0	0	0	0	0	0	0	0	0	0	0	0	0	0	0	0	0	0	0	0	0	0	0	0	0	0	0	0	0	0	0	0	0	0	8	0	0	0	0	0	0	0	0	0	0	0	0	0	0	0	0	0	0	0	0	0	0	0	0	0	0	0	0	0	0	0	0	0	0	0	0	0	0	0	0	0	0	0	0	0	0	0	2	0	0	0	0	0	0	0	0	0	0	0	0	0	0	0	0	0	0	0	0	0	0	0	0	0	0	0	0	0	0
"Macao SAR"	0	0	0	0	0	0	0	0	0	0	0	0	0	0	0	0	0	0	0	0	0	0	0	0	0	0	0	0	8	0	0	0	0	0	0	0	0	0	0	0	0	0	0	0	0	0	0	0	0	0	0	0	0	0	0	0	0	0	0	0	0	0	0	0	0	0	0	0	0	0	0	0	0	0	0	0	0	0	0	0	0	0	0	0	0	0	0	0	0	0	0	0	0	0	0	0	0	0	0	0	0	0	0	0	0	0	0	0	0	0	0	0	0	0	0	0	0	0	0	0	0	0	0	0	0	0	0	0	0	0	0	0	0	0	0	0	0	0	0	0	0	0	0	0	0	0	0	0	0	0	0	0	0	0	0	0	0	0	1	0	0	0	0	0	0	0	0	0	0	0	0	0	0	0	0	0	0	0	0	0	0	0	0	0	0	0	0	0	0	0	0	0	0	0	0	0	0	0	0	0	0	0	0	0	0
"Nauru"	0	0	0	0	0	0	0	0	0	0	0	0	0	0	0	0	0	0	0	0	0	0	0	0	0	0	0	0	0	0	0	0	0	0	0	0	0	0	0	0	0	0	0	0	0	0	0	0	0	0	0	0	0	0	0	0	0	0	0	0	0	0	0	0	0	0	0	0	0	0	0	0	0	0	0	0	0	0	0	0	0	0	0	0	0	0	0	0	0	0	0	0	0	0	0	0	0	0	0	0	0	0	0	0	0	0	0	0	0	0	0	0	0	0	0	0	0	0	0	0	0	0	0	0	0	0	3	0	0	0	0	0	0	0	0	0	0	0	0	0	0	0	0	0	0	0	0	0	0	0	0	0	0	0	0	0	0	0	0	0	0	0	0	0	0	0	0	0	0	0	0	0	0	0	0	0	0	0	0	0	0	0	0	0	0	0	0	0	0	0	0	0	0	0	0	0	0	0	0	0	0	0	0	0	0
"Bermuda"	0	0	0	0	0	0	0	0	0	0	0	0	0	0	0	0	0	0	0	0	0	0	0	0	0	0	0	0	0	0	0	0	0	0	0	0	0	0	0	0	0	0	0	0	0	0	0	0	0	0	0	0	0	0	0	0	0	0	0	0	0	0	0	0	0	0	0	0	0	0	0	0	0	0	0	0	0	0	0	0	0	0	0	0	0	0	0	0	0	0	0	0	0	0	0	0	0	0	0	0	0	0	0	0	0	0	0	0	0	0	0	0	0	0	0	0	0	0	0	0	0	0	0	0	0	0	0	0	0	0	0	0	0	0	0	0	0	0	0	0	0	0	0	0	0	0	0	0	0	0	0	0	0	0	0	0	0	0	0	0	0	0	0	0	0	0	0	0	0	0	0	0	0	0	0	0	0	0	0	0	0	0	0	0	0	0	0	0	0	0	0	0	0	0	0	0	0	0	0	0	0	0	0	0	0
"Puerto Rico"	0	0	0	0	0	0	0	0	0	0	0	0	0	0	0	0	0	0	0	0	0	0	0	0	0	0	0	0	0	0	0	0	0	0	0	0	0	0	0	0	0	0	0	0	0	0	0	0	0	0	0	0	0	0	0	0	0	0	0	0	0	0	0	0	0	0	0	0	0	0	0	0	0	0	0	0	0	0	0	0	0	0	0	0	0	0	0	0	0	0	0	0	0	0	0	0	0	0	0	0	0	0	0	0	0	0	0	0	0	0	0	0	0	0	0	0	0	0	0	0	0	0	0	0	0	0	0	0	0	0	0	0	0	0	0	0	0	0	0	0	0	0	0	0	0	0	0	0	0	0	0	0	0	0	0	0	0	0	0	0	0	0	0	0	0	0	0	0	0	0	0	0	0	0	0	0	0	0	0	0	0	0	0	0	0	0	0	0	0	0	0	0	0	0	0	0	0	0	0	0	0	0	0	0	0
"French Guiana"	0	0	0	0	0	0	0	0	0	0	0	0	0	0	0	0	0	0	0	0	0	0	0	0	0	0	0	0	0	0	0	0	0	0	0	0	0	0	0	0	0	0	0	0	0	0	0	0	0	0	0	0	0	0	0	0	0	0	0	0	0	0	0	0	0	0	0	0	0	0	0	0	0	0	0	0	0	0	0	0	0	0	0	0	0	0	0	0	0	0	0	0	0	0	0	0	0	0	0	0	0	0	0	0	0	0	0	0	0	0	0	0	0	0	0	0	0	0	0	0	0	0	0	0	0	0	0	0	0	0	0	0	0	0	0	0	0	0	0	0	0	0	0	0	0	0	0	0	0	0	0	0	0	0	0	0	0	0	0	0	0	0	0	0	0	0	0	0	0	0	0	0	0	0	0	0	0	0	0	0	0	0	0	0	0	0	0	0	0	0	0	0	0	0	0	0	0	0	0	0	0	0	0	0	0
"Palau"	0	0	0	0	0	0	0	0	0	0	0	0	0	0	0	0	0	0	0	0	0	0	0	0	0	0	0	0	0	0	0	0	0	0	0	0	0	0	0	0	0	0	0	0	0	0	0	0	0	0	0	0	0	0	0	0	0	0	0	0	0	0	0	0	0	0	0	0	0	0	0	0	0	0	0	0	0	0	0	0	0	0	0	0	0	0	0	0	0	0	0	0	0	0	0	0	0	0	0	0	0	0	0	0	0	0	0	0	0	0	0	0	0	0	0	0	0	0	0	0	0	0	0	0	0	0	0	0	0	0	0	0	0	0	0	0	0	0	0	0	0	0	0	0	0	0	0	0	0	0	0	0	0	0	0	0	0	0	0	0	0	0	0	0	0	0	0	0	0	0	0	0	0	0	0	0	0	0	0	0	0	0	0	0	0	0	0	0	0	0	0	0	0	0	0	0	0	0	0	0	0	0	0	0	0
"Holy See"	0	0	0	0	0	0	0	0	0	0	0	0	0	0	0	0	0	0	0	0	0	0	0	0	0	0	0	0	0	0	0	0	0	0	0	0	0	0	0	0	0	0	0	0	0	0	0	0	0	0	0	0	0	0	0	0	0	0	0	0	0	0	0	0	0	0	0	0	0	0	0	0	0	0	0	0	0	0	0	0	0	0	0	0	0	0	0	0	0	0	0	0	0	0	0	0	0	0	0	0	0	0	0	0	0	0	0	0	0	0	0	0	0	0	0	0	0	0	0	0	0	0	0	0	0	0	0	0	0	0	0	0	0	0	0	0	0	0	0	0	0	0	0	0	0	0	0	0	0	0	0	0	0	0	0	0	0	0	0	0	0	0	0	0	0	0	0	0	0	0	0	0	0	0	0	0	0	0	0	0	0	0	0	0	0	0	0	0	0	0	0	0	0	0	0	0	0	0	0	0	0	0	0	0	0
"Cook Islands"	0	0	0	0	0	0	0	0	0	0	0	0	0	0	0	0	0	0	0	0	0	0	0	0	0	0	0	0	0	0	0	0	0	0	0	0	0	0	0	0	0	0	0	0	0	0	0	0	0	0	0	0	0	0	0	0	0	0	0	0	0	0	0	0	0	0	0	0	0	0	0	0	0	0	0	0	0	0	0	0	0	0	0	0	0	0	0	0	0	0	0	0	0	0	0	0	0	0	0	0	0	0	0	0	0	0	0	0	0	0	0	0	0	0	0	0	0	0	0	0	0	0	0	0	0	0	0	0	0	0	0	0	0	0	0	0	0	0	0	0	0	0	0	0	0	0	0	0	0	0	0	0	0	0	0	0	0	0	0	0	0	0	0	0	0	0	0	0	0	0	0	0	0	0	0	0	0	0	0	0	0	0	0	0	0	0	0	0	0	0	0	0	0	0	0	0	0	0	0	0	0	0	0	0	0
"French Polynesia"	0	0	0	0	0	0	0	0	0	0	0	0	0	0	0	0	0	0	0	0	0	0	0	0	0	0	0	0	0	0	0	0	0	0	0	0	0	0	0	0	0	0	0	0	0	0	0	0	0	0	0	0	0	0	0	0	0	0	0	0	0	0	0	0	0	0	0	0	0	0	0	0	0	0	0	0	0	0	0	0	0	0	0	0	0	0	0	0	0	0	0	0	0	0	0	0	0	0	0	0	0	0	0	0	0	0	0	0	0	0	0	0	0	0	0	0	0	0	0	0	0	0	0	0	0	0	0	0	0	0	0	0	0	0	1	0	0	0	0	0	0	0	0	0	0	0	0	0	0	0	0	0	0	0	0	0	0	0	0	0	0	0	0	0	0	0	0	0	0	0	0	0	0	0	0	0	0	0	0	0	0	0	0	0	0	0	0	0	0	0	0	0	0	0	0	0	0	0	0	0	0	0	0	0	0
"Turks"	0	0	0	0	0	0	0	0	0	0	0	0	0	0	0	0	0	0	0	0	0	0	0	0	0	0	0	0	0	0	0	0	0	0	0	0	0	0	0	0	0	0	0	0	0	0	0	0	0	0	0	0	0	0	0	0	0	0	0	0	0	0	0	0	0	0	0	0	0	0	0	0	0	0	0	0	0	0	0	0	0	0	0	0	0	0	0	0	0	0	0	0	0	0	0	0	0	0	0	0	0	0	0	0	0	0	0	0	0	0	0	0	0	0	0	0	0	0	0	0	0	0	0	0	0	0	1	0	0	0	0	0	0	0	0	0	0	0	0	0	0	0	0	0	0	0	0	0	0	0	0	0	0	0	0	0	0	0	0	0	0	0	0	0	0	0	0	0	0	0	0	0	0	0	0	0	0	0	0	0	0	0	0	0	0	0	0	0	0	0	0	0	0	0	0	0	0	0	0	0	0	0	0	0	0
